YYYYMMDD,SystemsCount,,,,,
20030909,1,,,,,
20030910,1,,,,,"Ah - Collective2 account equity table says nothing about number of systems, because account equities are not calculated every day. So it can happen that some day MANY was recalculated suddenly for some reasons"
20030911,1,,,,,
20030912,1,,,,,
20030915,1,,,,,
20030916,4,,,,,
20030917,4,,,,,
20030918,5,,,,,
20030919,5,,,,,
20030922,5,,,,,
20030923,5,,,,,
20030924,6,,,,,
20030925,7,,,,,
20030926,10,,,,,
20030929,10,,,,,
20030930,11,,,,,
20031001,11,,,,,
20031002,11,,,,,
20031003,12,,,,,
20031006,12,,,,,
20031007,12,,,,,
20031008,13,,,,,
20031009,14,,,,,
20031010,14,,,,,
20031013,14,,,,,
20031014,16,,,,,
20031015,16,,,,,
20031016,17,,,,,
20031017,18,,,,,
20031020,18,,,,,
20031021,20,,,,,
20031022,20,,,,,
20031023,21,,,,,
20031024,21,,,,,
20031027,22,,,,,
20031028,22,,,,,
20031029,22,,,,,
20031030,22,,,,,
20031031,23,,,,,
20031103,23,,,,,
20031104,23,,,,,
20031105,23,,,,,
20031106,23,,,,,
20031107,24,,,,,
20031110,24,,,,,
20031111,25,,,,,
20031112,25,,,,,
20031113,25,,,,,
20031114,25,,,,,
20031117,25,,,,,
20031118,25,,,,,
20031119,25,,,,,
20031120,26,,,,,
20031121,26,,,,,
20031124,27,,,,,
20031125,27,,,,,
20031126,27,,,,,
20031128,27,,,,,
20031201,27,,,,,
20031202,28,,,,,
20031203,28,,,,,
20031204,28,,,,,
20031205,28,,,,,
20031208,28,,,,,
20031209,28,,,,,
20031210,28,,,,,
20031211,28,,,,,
20031212,28,,,,,
20031215,28,,,,,
20031216,28,,,,,
20031217,28,,,,,
20031218,28,,,,,
20031219,28,,,,,
20031222,28,,,,,
20031223,28,,,,,
20031224,28,,,,,
20031226,28,,,,,
20031229,28,,,,,
20031230,28,,,,,
20031231,28,,,,,
20040102,29,,,,,
20040105,31,,,,,
20040106,33,,,,,
20040107,33,,,,,
20040108,36,,,,,
20040109,38,,,,,
20040112,40,,,,,
20040113,76,,,,,
20040114,41,,,,,
20040115,78,,,,,
20040116,69,,,,,
20040119,69,,,,,
20040120,69,,,,,
20040121,68,,,,,
20040122,69,,,,,
20040123,71,,,,,
20040126,80,,,,,
20040127,81,,,,,
20040128,84,,,,,
20040129,88,,,,,
20040130,85,,,,,
20040202,87,,,,,
20040203,87,,,,,
20040204,88,,,,,
20040205,87,,,,,
20040206,86,,,,,
20040209,85,,,,,
20040210,87,,,,,
20040211,86,,,,,
20040212,87,,,,,
20040213,89,,,,,
20040216,90,,,,,
20040217,90,,,,,
20040218,90,,,,,
20040219,90,,,,,
20040220,90,,,,,
20040223,86,,,,,
20040224,86,,,,,
20040225,87,,,,,
20040226,89,,,,,
20040227,89,,,,,
20040302,92,,,,,
20040303,92,,,,,
20040304,93,,,,,
20040305,93,,,,,
20040308,97,,,,,
20040309,98,,,,,
20040310,98,,,,,
20040311,100,,,,,
20040312,100,,,,,
20040315,102,,,,,
20040316,103,,,,,
20040317,103,,,,,
20040318,105,,,,,
20040319,105,,,,,
20040322,107,,,,,
20040323,108,,,,,
20040324,106,,,,,
20040325,107,,,,,
20040326,107,,,,,
20040329,108,,,,,
20040330,109,,,,,
20040331,107,,,,,
20040401,108,,,,,
20040402,108,,,,,
20040405,103,,,,,
20040406,106,,,,,
20040407,108,,,,,
20040408,107,,,,,
20040409,109,,,,,
20040412,112,,,,,
20040413,113,,,,,
20040414,113,,,,,
20040415,113,,,,,
20040416,114,,,,,
20040419,108,,,,,
20040420,108,,,,,
20040421,108,,,,,
20040422,108,,,,,
20040423,108,,,,,
20040426,108,,,,,
20040427,108,,,,,
20040428,108,,,,,
20040429,108,,,,,
20040430,108,,,,,
20040503,108,,,,,
20040504,109,,,,,
20040505,109,,,,,
20040506,109,,,,,
20040507,109,,,,,
20040510,110,,,,,
20040511,112,,,,,
20040512,112,,,,,
20040513,113,,,,,
20040514,114,,,,,
20040517,115,,,,,
20040518,115,,,,,
20040519,116,,,,,
20040520,117,,,,,
20040521,119,,,,,
20040524,119,,,,,
20040525,119,,,,,
20040526,77,,,,,
20040527,79,,,,,
20040528,79,,,,,
20040531,79,,,,,
20040601,79,,,,,
20040602,79,,,,,
20040603,80,,,,,
20040604,74,,,,,
20040607,76,,,,,
20040608,77,,,,,
20040609,78,,,,,
20040610,74,,,,,
20040614,77,,,,,
20040615,78,,,,,
20040616,80,,,,,
20040617,80,,,,,
20040618,76,,,,,
20040621,78,,,,,
20040622,81,,,,,
20040623,166,,,,,
20040624,172,,,,,
20040625,152,,,,,
20040628,102,,,,,
20040629,104,,,,,
20040630,108,,,,,
20040701,114,,,,,
20040702,53,,,,,
20040705,195,,,,,
20040706,143,,,,,
20040707,154,,,,,
20040708,154,,,,,
20040709,129,,,,,
20040712,122,,,,,
20040713,140,,,,,
20040714,123,,,,,
20040715,73,,,,,
20040716,144,,,,,
20040719,99,,,,,
20040720,67,,,,,
20040721,89,,,,,
20040722,65,,,,,
20040723,97,,,,,
20040726,127,,,,,
20040727,134,,,,,
20040728,130,,,,,
20040729,73,,,,,
20040730,79,,,,,
20040802,99,,,,,
20040803,226,,,,,
20040804,226,,,,,
20040805,227,,,,,
20040806,227,,,,,
20040809,229,,,,,
20040810,230,,,,,
20040811,231,,,,,
20040812,232,,,,,
20040813,234,,,,,
20040816,238,,,,,
20040817,241,,,,,
20040818,243,,,,,
20040819,246,,,,,
20040820,246,,,,,
20040823,247,,,,,
20040824,248,,,,,
20040825,249,,,,,
20040826,250,,,,,
20040827,251,,,,,
20040830,253,,,,,
20040831,257,,,,,
20040901,257,,,,,
20040902,260,,,,,
20040903,260,,,,,
20040906,260,,,,,
20040907,260,,,,,
20040908,261,,,,,
20040909,261,,,,,
20040910,262,,,,,
20040913,265,,,,,
20040914,265,,,,,
20040915,267,,,,,
20040916,269,,,,,
20040917,269,,,,,
20040920,269,,,,,
20040921,270,,,,,
20040922,270,,,,,
20040923,271,,,,,
20040924,271,,,,,
20040927,274,,,,,
20040928,274,,,,,
20040929,274,,,,,
20040930,274,,,,,
20041001,276,,,,,
20041004,279,,,,,
20041005,280,,,,,
20041006,282,,,,,
20041007,283,,,,,
20041008,283,,,,,
20041011,283,,,,,
20041012,283,,,,,
20041013,283,,,,,
20041014,284,,,,,
20041015,284,,,,,
20041018,284,,,,,
20041019,284,,,,,
20041020,283,,,,,
20041021,284,,,,,
20041022,284,,,,,
20041025,288,,,,,
20041026,289,,,,,
20041027,289,,,,,
20041028,288,,,,,
20041029,290,,,,,
20041101,290,,,,,
20041102,293,,,,,
20041103,294,,,,,
20041104,294,,,,,
20041105,295,,,,,
20041108,303,,,,,
20041109,302,,,,,
20041110,303,,,,,
20041111,303,,,,,
20041112,303,,,,,
20041115,304,,,,,
20041116,305,,,,,
20041117,305,,,,,
20041118,305,,,,,
20041119,306,,,,,
20041122,306,,,,,
20041123,306,,,,,
20041124,306,,,,,
20041125,305,,,,,
20041126,305,,,,,
20041129,309,,,,,
20041130,309,,,,,
20041201,309,,,,,
20041202,310,,,,,
20041203,311,,,,,
20041206,315,,,,,
20041207,316,,,,,
20041208,317,,,,,
20041209,318,,,,,
20041210,318,,,,,
20041213,318,,,,,
20041214,318,,,,,
20041215,323,,,,,
20041216,329,,,,,
20041217,330,,,,,
20041220,330,,,,,
20041221,332,,,,,
20041222,333,,,,,
20041223,334,,,,,
20041224,336,,,,,
20041227,335,,,,,
20041228,335,,,,,
20041229,335,,,,,
20041230,337,,,,,
20041231,339,,,,,
20050103,339,,,,,
20050104,340,,,,,
20050105,341,,,,,
20050106,341,,,,,
20050107,344,,,,,
20050110,344,,,,,
20050111,344,,,,,
20050112,346,,,,,
20050113,347,,,,,
20050114,348,,,,,
20050117,350,,,,,
20050118,350,,,,,
20050119,350,,,,,
20050120,351,,,,,
20050121,353,,,,,
20050128,1,,,,,
20050131,363,,,,,
20050201,363,,,,,
20050202,365,,,,,
20050203,366,,,,,
20050204,369,,,,,
20050207,373,,,,,
20050208,374,,,,,
20050209,375,,,,,
20050210,377,,,,,
20050211,380,,,,,
20050214,382,,,,,
20050215,383,,,,,
20050216,385,,,,,
20050217,394,,,,,
20050218,398,,,,,
20050221,400,,,,,
20050222,403,,,,,
20050223,405,,,,,
20050224,407,,,,,
20050225,410,,,,,
20050228,413,,,,,
20050301,416,,,,,
20050302,418,,,,,
20050303,422,,,,,
20050304,424,,,,,
20050307,428,,,,,
20050308,392,,,,,
20050309,430,,,,,
20050310,441,,,,,
20050311,447,,,,,
20050314,455,,,,,
20050315,459,,,,,
20050316,462,,,,,
20050317,464,,,,,
20050318,469,,,,,
20050321,477,,,,,
20050322,479,,,,,
20050323,479,,,,,
20050324,484,,,,,
20050325,489,,,,,
20050328,502,,,,,
20050329,505,,,,,
20050330,506,,,,,
20050331,507,,,,,
20050401,510,,,,,
20050404,519,,,,,
20050405,521,,,,,
20050406,524,,,,,
20050407,524,,,,,
20050408,526,,,,,
20050411,542,,,,,
20050412,546,,,,,
20050413,550,,,,,
20050414,551,,,,,
20050415,554,,,,,
20050418,558,,,,,
20050419,562,,,,,
20050420,554,,,,,
20050421,565,,,,,
20050422,568,,,,,
20050425,582,,,,,
20050426,585,,,,,
20050427,585,,,,,
20050428,591,,,,,
20050429,598,,,,,
20050502,605,,,,,
20050503,606,,,,,
20050504,607,,,,,
20050505,609,,,,,
20050506,612,,,,,
20050509,613,,,,,
20050510,614,,,,,
20050511,616,,,,,
20050512,615,,,,,
20050513,621,,,,,
20050516,626,,,,,
20050517,629,,,,,
20050518,630,,,,,
20050519,630,,,,,
20050520,634,,,,,
20050523,636,,,,,
20050524,637,,,,,
20050525,639,,,,,
20050526,640,,,,,
20050527,641,,,,,
20050530,641,,,,,
20050531,643,,,,,
20050601,643,,,,,
20050602,650,,,,,
20050603,653,,,,,
20050606,658,,,,,
20050607,665,,,,,
20050608,665,,,,,
20050609,666,,,,,
20050610,669,,,,,
20050613,677,,,,,
20050614,684,,,,,
20050615,685,,,,,
20050616,686,,,,,
20050617,689,,,,,
20050620,698,,,,,
20050621,701,,,,,
20050622,704,,,,,
20050623,704,,,,,
20050624,710,,,,,
20050627,712,,,,,
20050628,716,,,,,
20050629,715,,,,,
20050630,716,,,,,
20050701,719,,,,,
20050704,725,,,,,
20050705,732,,,,,
20050706,735,,,,,
20050707,737,,,,,
20050708,738,,,,,
20050711,741,,,,,
20050712,752,,,,,
20050713,755,,,,,
20050714,758,,,,,
20050715,761,,,,,
20050718,768,,,,,
20050719,773,,,,,
20050720,780,,,,,
20050721,783,,,,,
20050722,787,,,,,
20050725,796,,,,,
20050726,799,,,,,
20050727,798,,,,,
20050728,800,,,,,
20050729,802,,,,,
20050801,807,,,,,
20050802,812,,,,,
20050803,811,,,,,
20050804,812,,,,,
20050805,813,,,,,
20050808,818,,,,,
20050809,821,,,,,
20050810,824,,,,,
20050811,826,,,,,
20050812,829,,,,,
20050815,834,,,,,
20050816,840,,,,,
20050817,840,,,,,
20050818,843,,,,,
20050819,848,,,,,
20050822,852,,,,,
20050823,858,,,,,
20050824,863,,,,,
20050825,868,,,,,
20050826,872,,,,,
20050829,878,,,,,
20050830,886,,,,,
20050831,890,,,,,
20050901,892,,,,,
20050902,898,,,,,
20050905,902,,,,,
20050906,909,,,,,
20050907,908,,,,,
20050908,917,,,,,
20050909,919,,,,,
20050912,932,,,,,
20050913,462,,,,,
20050914,276,,,,,
20050915,945,,,,,
20050916,952,,,,,
20050919,958,,,,,
20050920,965,,,,,
20050921,964,,,,,
20050922,963,,,,,
20050923,573,,,,,
20050926,972,,,,,
20050927,981,,,,,
20050928,981,,,,,
20050929,687,,,,,
20050930,986,,,,,
20051003,990,,,,,
20051004,995,,,,,
20051005,997,,,,,
20051006,1001,,,,,
20051007,1003,,,,,
20051010,1011,,,,,
20051011,920,,,,,
20051012,1015,,,,,
20051013,1020,,,,,
20051014,1028,,,,,
20051017,1034,,,,,
20051018,1042,,,,,
20051019,1041,,,,,
20051020,1043,,,,,
20051021,1047,,,,,
20051024,1050,,,,,
20051025,1057,,,,,
20051026,1056,,,,,
20051027,1058,,,,,
20051028,1060,,,,,
20051031,1065,,,,,
20051101,1070,,,,,
20051102,1076,,,,,
20051103,1080,,,,,
20051104,1084,,,,,
20051107,1097,,,,,
20051108,1101,,,,,
20051109,1105,,,,,
20051110,1107,,,,,
20051111,1110,,,,,
20051114,1118,,,,,
20051115,1128,,,,,
20051116,1132,,,,,
20051117,1137,,,,,
20051118,1145,,,,,
20051121,1153,,,,,
20051122,1159,,,,,
20051123,1161,,,,,
20051124,1161,,,,,
20051125,1164,,,,,
20051128,1173,,,,,
20051129,1179,,,,,
20051130,1179,,,,,
20051201,1186,,,,,
20051202,1189,,,,,
20051205,1206,,,,,
20051206,1214,,,,,
20051207,1217,,,,,
20051208,1219,,,,,
20051209,1221,,,,,
20051212,1228,,,,,
20051213,1162,,,,,
20051214,1236,,,,,
20051215,1239,,,,,
20051216,1243,,,,,
20051219,1245,,,,,
20051220,1205,,,,,
20051221,1256,,,,,
20051222,1258,,,,,
20051223,1263,,,,,
20051226,1265,,,,,
20051227,1271,,,,,
20051228,1184,,,,,
20051229,1218,,,,,
20051230,1282,,,,,
20060102,1287,,,,,
20060103,1295,,,,,
20060104,1297,,,,,
20060105,1301,,,,,
20060106,1307,,,,,
20060109,1313,,,,,
20060110,1320,,,,,
20060111,1320,,,,,
20060112,1313,,,,,
20060113,1330,,,,,
20060116,1332,,,,,
20060117,1341,,,,,
20060118,1342,,,,,
20060119,1348,,,,,
20060120,1355,,,,,
20060123,1363,,,,,
20060124,1370,,,,,
20060125,1370,,,,,
20060126,1371,,,,,
20060127,1378,,,,,
20060130,1383,,,,,
20060131,1386,,,,,
20060201,1387,,,,,
20060202,1393,,,,,
20060203,1397,,,,,
20060206,1403,,,,,
20060207,1411,,,,,
20060208,1412,,,,,
20060209,1414,,,,,
20060210,1416,,,,,
20060213,938,,,,,
20060214,879,,,,,
20060215,1436,,,,,
20060216,1439,,,,,
20060217,1442,,,,,
20060220,1452,,,,,
20060221,1298,,,,,
20060222,1224,,,,,
20060223,1470,,,,,
20060224,1474,,,,,
20060227,1480,,,,,
20060228,1488,,,,,
20060301,1491,,,,,
20060302,1495,,,,,
20060303,1506,,,,,
20060306,1512,,,,,
20060307,1520,,,,,
20060308,1519,,,,,
20060309,1522,,,,,
20060310,1534,,,,,
20060313,1545,,,,,
20060314,1551,,,,,
20060315,1554,,,,,
20060316,1557,,,,,
20060317,1562,,,,,
20060320,1569,,,,,
20060321,1575,,,,,
20060322,1577,,,,,
20060323,1582,,,,,
20060324,1586,,,,,
20060327,1596,,,,,
20060328,1602,,,,,
20060329,1606,,,,,
20060330,1618,,,,,
20060331,1625,,,,,
20060403,1637,,,,,
20060404,1644,,,,,
20060405,1646,,,,,
20060406,1655,,,,,
20060407,1659,,,,,
20060410,1670,,,,,
20060411,1678,,,,,
20060412,1683,,,,,
20060413,1686,,,,,
20060414,1695,,,,,
20060417,1707,,,,,
20060418,1414,,,,,
20060419,1714,,,,,
20060420,1721,,,,,
20060421,1726,,,,,
20060424,1732,,,,,
20060425,1735,,,,,
20060426,1734,,,,,
20060427,1743,,,,,
20060428,1745,,,,,
20060501,1750,,,,,
20060502,1564,,,,,
20060503,1485,,,,,
20060504,1761,,,,,
20060505,1768,,,,,
20060508,1775,,,,,
20060509,1782,,,,,
20060510,1782,,,,,
20060511,1781,,,,,
20060512,1788,,,,,
20060515,1802,,,,,
20060516,1747,,,,,
20060517,1813,,,,,
20060518,1814,,,,,
20060519,1823,,,,,
20060522,1831,,,,,
20060523,1655,,,,,
20060524,1838,,,,,
20060525,1834,,,,,
20060526,1849,,,,,
20060529,1804,,,,,
20060530,1520,,,,,
20060531,1711,,,,,
20060601,1872,,,,,
20060602,1878,,,,,
20060605,1887,,,,,
20060606,1754,,,,,
20060607,1312,,,,,
20060608,1900,,,,,
20060609,1907,,,,,
20060612,1910,,,,,
20060613,1914,,,,,
20060614,1914,,,,,
20060615,1920,,,,,
20060616,1923,,,,,
20060619,1864,,,,,
20060620,1757,,,,,
20060621,1936,,,,,
20060622,1939,,,,,
20060623,1943,,,,,
20060626,1955,,,,,
20060627,1964,,,,,
20060628,1966,,,,,
20060629,1852,,,,,
20060630,1819,,,,,
20060703,1979,,,,,
20060704,1983,,,,,
20060705,1913,,,,,
20060706,1990,,,,,
20060707,1998,,,,,
20060710,2004,,,,,
20060711,2011,,,,,
20060712,2009,,,,,
20060713,2008,,,,,
20060714,2010,,,,,
20060717,2017,,,,,
20060718,2024,,,,,
20060719,2025,,,,,
20060720,2030,,,,,
20060721,2032,,,,,
20060724,1974,,,,,
20060725,2044,,,,,
20060726,2048,,,,,
20060727,1925,,,,,
20060728,2061,,,,,
20060731,2075,,,,,
20060801,2089,,,,,
20060802,1710,,,,,
20060803,2094,,,,,
20060804,2095,,,,,
20060807,2101,,,,,
20060808,2101,,,,,
20060809,2104,,,,,
20060810,2111,,,,,
20060811,2118,,,,,
20060814,2128,,,,,
20060815,2043,,,,,
20060816,1900,,,,,
20060817,2013,,,,,
20060818,2135,,,,,
20060821,2145,,,,,
20060822,2143,,,,,
20060823,2134,,,,,
20060824,2156,,,,,
20060825,2161,,,,,
20060828,2169,,,,,
20060829,2039,,,,,
20060830,2178,,,,,
20060831,2181,,,,,
20060901,2183,,,,,
20060904,2188,,,,,
20060905,1863,,,,,
20060906,2195,,,,,
20060907,1945,,,,,
20060908,2200,,,,,
20060911,2203,,,,,
20060912,2215,,,,,
20060913,1830,,,,,
20060914,1767,,,,,
20060915,2224,,,,,
20060918,2237,,,,,
20060919,2241,,,,,
20060920,2137,,,,,
20060921,1766,,,,,
20060922,2251,,,,,
20060925,1356,,,,,
20060926,2268,,,,,
20060927,2269,,,,,
20060928,2209,,,,,
20060929,2279,,,,,
20061002,2030,,,,,
20061003,2227,,,,,
20061004,2310,,,,,
20061005,2317,,,,,
20061006,2326,,,,,
20061009,2070,,,,,
20061010,2342,,,,,
20061011,2343,,,,,
20061012,2016,,,,,
20061013,2349,,,,,
20061016,2261,,,,,
20061017,2358,,,,,
20061018,2300,,,,,
20061019,2321,,,,,
20061020,2362,,,,,
20061023,2136,,,,,
20061024,2209,,,,,
20061025,2375,,,,,
20061026,2170,,,,,
20061027,2386,,,,,
20061030,2395,,,,,
20061031,2412,,,,,
20061101,2139,,,,,
20061102,2410,,,,,
20061103,2415,,,,,
20061106,2415,,,,,
20061107,2422,,,,,
20061108,1260,,,,,
20061109,2199,,,,,
20061110,2428,,,,,
20061113,2439,,,,,
20061114,2443,,,,,
20061115,1164,,,,,
20061116,1399,,,,,
20061117,2450,,,,,
20061120,2222,,,,,
20061121,1137,,,,,
20061122,2462,,,,,
20061123,2462,,,,,
20061124,2423,,,,,
20061127,2365,,,,,
20061128,2381,,,,,
20061129,1176,,,,,
20061130,2487,,,,,
20061201,2485,,,,,
20061204,2439,,,,,
20061205,2508,,,,,
20061206,2360,,,,,
20061207,1943,,,,,
20061208,2519,,,,,
20061211,2527,,,,,
20061212,2455,,,,,
20061213,2534,,,,,
20061214,2543,,,,,
20061215,2539,,,,,
20061218,2543,,,,,
20061219,2547,,,,,
20061220,2550,,,,,
20061221,2561,,,,,
20061222,2522,,,,,
20061225,1138,,,,,
20061226,2568,,,,,
20061227,2571,,,,,
20061228,2577,,,,,
20061229,2578,,,,,
20070101,2581,,,,,
20070102,2586,,,,,
20070103,2497,,,,,
20070104,2597,,,,,
20070105,2599,,,,,
20070108,2244,,,,,
20070109,2073,,,,,
20070110,1816,,,,,
20070111,1996,,,,,
20070112,2624,,,,,
20070115,2629,,,,,
20070116,2246,,,,,
20070117,1925,,,,,
20070118,1958,,,,,
20070119,2555,,,,,
20070122,2112,,,,,
20070123,2515,,,,,
20070124,2141,,,,,
20070125,1621,,,,,
20070126,2676,,,,,
20070129,1888,,,,,
20070130,2693,,,,,
20070131,2470,,,,,
20070201,2357,,,,,
20070202,2443,,,,,
20070205,2433,,,,,
20070206,2204,,,,,
20070207,2107,,,,,
20070208,2019,,,,,
20070209,2459,,,,,
20070212,2753,,,,,
20070213,2417,,,,,
20070214,2016,,,,,
20070215,2143,,,,,
20070216,2206,,,,,
20070219,2673,,,,,
20070220,1904,,,,,
20070221,938,,,,,
20070222,2223,,,,,
20070223,2221,,,,,
20070226,2437,,,,,
20070227,1014,,,,,
20070228,1440,,,,,
20070301,805,,,,,
20070302,2814,,,,,
20070305,428,,,,,
20070306,407,,,,,
20070307,2799,,,,,
20070308,1308,,,,,
20070309,1914,,,,,
20070312,952,,,,,
20070313,461,,,,,
20070314,1163,,,,,
20070315,2305,,,,,
20070316,1594,,,,,
20070319,2231,,,,,
20070320,1229,,,,,
20070321,1122,,,,,
20070322,2235,,,,,
20070323,1,,,,,
20070326,2129,,,,,
20070327,2172,,,,,
20070328,1592,,,,,
20070329,1863,,,,,
20070330,1173,,,,,
20070402,1963,,,,,
20070403,1043,,,,,
20070404,586,,,,,
20070405,1984,,,,,
20070406,2845,,,,,
20070409,1896,,,,,
20070410,1215,,,,,
20070411,914,,,,,
20070412,2545,,,,,
20070413,1607,,,,,
20070416,2279,,,,,
20070417,2343,,,,,
20070418,2397,,,,,
20070419,2837,,,,,
20070420,3013,,,,,
20070423,1678,,,,,
20070424,2072,,,,,
20070425,1732,,,,,
20070426,1471,,,,,
20070427,2079,,,,,
20070430,1306,,,,,
20070501,1273,,,,,
20070502,1652,,,,,
20070503,468,,,,,
20070504,2543,,,,,
20070507,1373,,,,,
20070508,658,,,,,
20070509,1064,,,,,
20070510,3091,,,,,
20070511,3091,,,,,
20070514,3100,,,,,
20070515,3103,,,,,
20070516,3104,,,,,
20070517,223,,,,,
20070518,855,,,,,
20070521,3120,,,,,
20070522,3127,,,,,
20070523,3131,,,,,
20070524,3142,,,,,
20070525,3143,,,,,
20070528,3153,,,,,
20070529,3168,,,,,
20070530,3172,,,,,
20070531,3187,,,,,
20070601,3182,,,,,
20070604,3196,,,,,
20070605,3201,,,,,
20070606,3206,,,,,
20070607,3216,,,,,
20070608,3219,,,,,
20070611,3236,,,,,
20070612,3241,,,,,
20070613,3247,,,,,
20070614,3257,,,,,
20070615,3255,,,,,
20070618,3269,,,,,
20070619,3279,,,,,
20070620,3289,,,,,
20070621,3299,,,,,
20070622,1180,,,,,
20070625,3317,,,,,
20070626,3331,,,,,
20070627,3337,,,,,
20070628,3347,,,,,
20070629,3347,,,,,
20070702,3373,,,,,
20070703,3381,,,,,
20070704,3381,,,,,
20070705,3393,,,,,
20070706,3398,,,,,
20070709,3410,,,,,
20070710,3415,,,,,
20070711,3418,,,,,
20070712,3431,,,,,
20070713,3427,,,,,
20070716,3443,,,,,
20070717,3453,,,,,
20070718,3451,,,,,
20070719,3466,,,,,
20070720,3464,,,,,
20070723,3484,,,,,
20070724,3495,,,,,
20070725,3500,,,,,
20070726,3511,,,,,
20070727,3508,,,,,
20070730,3540,,,,,
20070731,3542,,,,,
20070801,3550,,,,,
20070802,3564,,,,,
20070803,3565,,,,,
20070806,3580,,,,,
20070807,3587,,,,,
20070808,3592,,,,,
20070809,3612,,,,,
20070810,3614,,,,,
20070813,3635,,,,,
20070814,3639,,,,,
20070815,3646,,,,,
20070816,3659,,,,,
20070817,3663,,,,,
20070820,3683,,,,,
20070821,3691,,,,,
20070822,3693,,,,,
20070823,3712,,,,,
20070824,3717,,,,,
20070827,3727,,,,,
20070828,3729,,,,,
20070829,3755,,,,,
20070830,3798,,,,,
20070831,3791,,,,,
20070903,3893,,,,,
20070904,3901,,,,,
20070905,3909,,,,,
20070906,3912,,,,,
20070907,3913,,,,,
20070910,3930,,,,,
20070911,3941,,,,,
20070912,3949,,,,,
20070913,3961,,,,,
20070914,3965,,,,,
20070917,3973,,,,,
20070918,3977,,,,,
20070919,3978,,,,,
20070920,3995,,,,,
20070921,3988,,,,,
20070924,4004,,,,,
20070925,4012,,,,,
20070926,4019,,,,,
20070927,4021,,,,,
20070928,4023,,,,,
20071001,4037,,,,,
20071002,4052,,,,,
20071003,4058,,,,,
20071004,4075,,,,,
20071005,4080,,,,,
20071008,4105,,,,,
20071009,4113,,,,,
20071010,4121,,,,,
20071011,4136,,,,,
20071012,4134,,,,,
20071015,4147,,,,,
20071016,4156,,,,,
20071017,4167,,,,,
20071018,4171,,,,,
20071019,4160,,,,,
20071022,4183,,,,,
20071023,4196,,,,,
20071024,4192,,,,,
20071025,4205,,,,,
20071026,4206,,,,,
20071029,4224,,,,,
20071030,4221,,,,,
20071031,4238,,,,,
20071101,4251,,,,,
20071102,3942,,,,,
20071105,4265,,,,,
20071106,4277,,,,,
20071107,4285,,,,,
20071108,4291,,,,,
20071109,4278,,,,,
20071112,4307,,,,,
20071113,4324,,,,,
20071114,4318,,,,,
20071115,4336,,,,,
20071116,4334,,,,,
20071119,4375,,,,,
20071120,2341,,,,,
20071121,904,,,,,
20071122,1094,,,,,
20071123,4195,,,,,
20071126,4415,,,,,
20071127,4424,,,,,
20071128,4434,,,,,
20071129,4441,,,,,
20071130,4439,,,,,
20071203,4464,,,,,
20071204,4475,,,,,
20071205,4475,,,,,
20071206,4490,,,,,
20071207,4487,,,,,
20071210,4502,,,,,
20071211,4510,,,,,
20071212,4515,,,,,
20071213,4528,,,,,
20071214,4528,,,,,
20071217,4541,,,,,
20071218,4544,,,,,
20071219,4553,,,,,
20071220,4567,,,,,
20071221,4566,,,,,
20071224,4572,,,,,
20071225,4579,,,,,
20071226,4577,,,,,
20071227,4591,,,,,
20071228,4596,,,,,
20071231,4612,,,,,
20080101,4618,,,,,
20080102,4628,,,,,
20080103,4650,,,,,
20080104,4647,,,,,
20080107,4669,,,,,
20080108,4681,,,,,
20080109,4688,,,,,
20080110,4696,,,,,
20080111,4699,,,,,
20080114,4711,,,,,
20080115,4720,,,,,
20080116,4594,,,,,
20080117,7,,,,,
20080118,4462,,,,,
20080121,4751,,,,,
20080122,4754,,,,,
20080123,4754,,,,,
20080124,4773,,,,,
20080125,4768,,,,,
20080128,4777,,,,,
20080129,4784,,,,,
20080130,4792,,,,,
20080131,4801,,,,,
20080201,4790,,,,,
20080204,4815,,,,,
20080205,4835,,,,,
20080206,4836,,,,,
20080207,4846,,,,,
20080208,4846,,,,,
20080211,4873,,,,,
20080212,4883,,,,,
20080213,4883,,,,,
20080214,4905,,,,,
20080215,4897,,,,,
20080218,4913,,,,,
20080219,4919,,,,,
20080220,4932,,,,,
20080221,4939,,,,,
20080222,4929,,,,,
20080225,4959,,,,,
20080226,4973,,,,,
20080227,4968,,,,,
20080228,4976,,,,,
20080229,4972,,,,,
20080303,5013,,,,,
20080304,5013,,,,,
20080305,5016,,,,,
20080306,5031,,,,,
20080307,5007,,,,,
20080310,5037,,,,,
20080311,5022,,,,,
20080312,4834,,,,,
20080313,4869,,,,,
20080314,5043,,,,,
20080317,5077,,,,,
20080318,5093,,,,,
20080319,5095,,,,,
20080320,5104,,,,,
20080321,5088,,,,,
20080324,5013,,,,,
20080325,4971,,,,,
20080326,4558,,,,,
20080327,3942,,,,,
20080328,4052,,,,,
20080331,5179,,,,,
20080401,5002,,,,,
20080402,5041,,,,,
20080403,4807,,,,,
20080404,5178,,,,,
20080407,5010,,,,,
20080408,4854,,,,,
20080409,4850,,,,,
20080410,3772,,,,,
20080411,4486,,,,,
20080414,5063,,,,,
20080415,4198,,,,,
20080416,3951,,,,,
20080417,4491,,,,,
20080418,4850,,,,,
20080421,4683,,,,,
20080422,2704,,,,,
20080423,4019,,,,,
20080424,4035,,,,,
20080425,4754,,,,,
20080428,2967,,,,,
20080429,3597,,,,,
20080430,4341,,,,,
20080501,5065,,,,,
20080502,4102,,,,,
20080505,2979,,,,,
20080506,3178,,,,,
20080507,2564,,,,,
20080508,3249,,,,,
20080509,3928,,,,,
20080512,2890,,,,,
20080513,3526,,,,,
20080514,2592,,,,,
20080515,3376,,,,,
20080516,3352,,,,,
20080519,3578,,,,,
20080520,3166,,,,,
20080521,2410,,,,,
20080522,2708,,,,,
20080523,3152,,,,,
20080526,4793,,,,,
20080527,4368,,,,,
20080528,3320,,,,,
20080529,1180,,,,,
20080530,5327,,,,,
20080602,5489,,,,,
20080603,5621,,,,,
20080604,5629,,,,,
20080605,5651,,,,,
20080606,5616,,,,,
20080609,5659,,,,,
20080610,5671,,,,,
20080611,5688,,,,,
20080612,5690,,,,,
20080613,5660,,,,,
20080616,5702,,,,,
20080617,5723,,,,,
20080618,5729,,,,,
20080619,5739,,,,,
20080620,3140,,,,,
20080623,1148,,,,,
20080624,5534,,,,,
20080625,5786,,,,,
20080626,5518,,,,,
20080627,5754,,,,,
20080630,5147,,,,,
20080701,5376,,,,,
20080702,5553,,,,,
20080703,5855,,,,,
20080704,5839,,,,,
20080707,5881,,,,,
20080708,5892,,,,,
20080709,5842,,,,,
20080710,5905,,,,,
20080711,5887,,,,,
20080714,5929,,,,,
20080715,5928,,,,,
20080716,5936,,,,,
20080717,5956,,,,,
20080718,5936,,,,,
20080721,5968,,,,,
20080722,5978,,,,,
20080723,5991,,,,,
20080724,5995,,,,,
20080725,5979,,,,,
20080728,6009,,,,,
20080729,6024,,,,,
20080730,6024,,,,,
20080731,6037,,,,,
20080801,6024,,,,,
20080804,6064,,,,,
20080805,6071,,,,,
20080806,6075,,,,,
20080807,6098,,,,,
20080808,6074,,,,,
20080811,6101,,,,,
20080812,6111,,,,,
20080813,6122,,,,,
20080814,6121,,,,,
20080815,6096,,,,,
20080818,6140,,,,,
20080819,6164,,,,,
20080820,6159,,,,,
20080821,6170,,,,,
20080822,6158,,,,,
20080825,6197,,,,,
20080826,6197,,,,,
20080827,6204,,,,,
20080828,6223,,,,,
20080829,6181,,,,,
20080901,6232,,,,,
20080902,6242,,,,,
20080903,6259,,,,,
20080904,6260,,,,,
20080905,6243,,,,,
20080908,6274,,,,,
20080909,6290,,,,,
20080910,6287,,,,,
20080911,6296,,,,,
20080912,6295,,,,,
20080915,6326,,,,,
20080916,6324,,,,,
20080917,6328,,,,,
20080918,6351,,,,,
20080919,6314,,,,,
20080922,6366,,,,,
20080923,6377,,,,,
20080924,6396,,,,,
20080925,6399,,,,,
20080926,6398,,,,,
20080929,6410,,,,,
20080930,6436,,,,,
20081001,6434,,,,,
20081002,6445,,,,,
20081003,6448,,,,,
20081006,6471,,,,,
20081007,6472,,,,,
20081008,6480,,,,,
20081009,6504,,,,,
20081010,6474,,,,,
20081013,6512,,,,,
20081014,6524,,,,,
20081015,5132,,,,,
20081016,6555,,,,,
20081017,6511,,,,,
20081020,6570,,,,,
20081021,6590,,,,,
20081022,6585,,,,,
20081023,6598,,,,,
20081024,6592,,,,,
20081027,6629,,,,,
20081028,6632,,,,,
20081029,6633,,,,,
20081030,6655,,,,,
20081031,6631,,,,,
20081103,6665,,,,,
20081104,6685,,,,,
20081105,6679,,,,,
20081106,6690,,,,,
20081107,6682,,,,,
20081110,6737,,,,,
20081111,6740,,,,,
20081112,6744,,,,,
20081113,6762,,,,,
20081114,6737,,,,,
20081117,6769,,,,,
20081118,6777,,,,,
20081119,6789,,,,,
20081120,6797,,,,,
20081121,6778,,,,,
20081124,6812,,,,,
20081125,6831,,,,,
20081126,6827,,,,,
20081127,6835,,,,,
20081128,6818,,,,,
20081201,6858,,,,,
20081202,6859,,,,,
20081203,6867,,,,,
20081204,6885,,,,,
20081205,6858,,,,,
20081208,6892,,,,,
20081209,6897,,,,,
20081210,6912,,,,,
20081211,6915,,,,,
20081212,6891,,,,,
20081215,6923,,,,,
20081216,6938,,,,,
20081217,6934,,,,,
20081218,6946,,,,,
20081219,6911,,,,,
20081222,6974,,,,,
20081223,6972,,,,,
20081224,6974,,,,,
20081225,6990,,,,,
20081226,6967,,,,,
20081229,6994,,,,,
20081230,7009,,,,,
20081231,7004,,,,,
20090101,7020,,,,,
20090102,7017,,,,,
20090105,7060,,,,,
20090106,7057,,,,,
20090107,5095,,,,,
20090108,7078,,,,,
20090109,7078,,,,,
20090112,7120,,,,,
20090113,7119,,,,,
20090114,7125,,,,,
20090115,7144,,,,,
20090116,7112,,,,,
20090119,7159,,,,,
20090120,7178,,,,,
20090121,7175,,,,,
20090122,7189,,,,,
20090123,7178,,,,,
20090126,7213,,,,,
20090127,7211,,,,,
20090128,7215,,,,,
20090129,7234,,,,,
20090130,7216,,,,,
20090202,7246,,,,,
20090203,7261,,,,,
20090204,7255,,,,,
20090205,7271,,,,,
20090206,7267,,,,,
20090209,7297,,,,,
20090210,7301,,,,,
20090211,7303,,,,,
20090212,7329,,,,,
20090213,7306,,,,,
20090216,7344,,,,,
20090217,7358,,,,,
20090218,7355,,,,,
20090219,7362,,,,,
20090220,7355,,,,,
20090223,7392,,,,,
20090224,7394,,,,,
20090225,7405,,,,,
20090226,7433,,,,,
20090227,7413,,,,,
20090302,7444,,,,,
20090303,7469,,,,,
20090304,7467,,,,,
20090305,7479,,,,,
20090306,7472,,,,,
20090309,7509,,,,,
20090310,7511,,,,,
20090311,7524,,,,,
20090312,7544,,,,,
20090313,7517,,,,,
20090316,7566,,,,,
20090317,7048,,,,,
20090318,7577,,,,,
20090319,7581,,,,,
20090320,7575,,,,,
20090323,7604,,,,,
20090324,7601,,,,,
20090325,7608,,,,,
20090326,7636,,,,,
20090327,7624,,,,,
20090330,7657,,,,,
20090331,7664,,,,,
20090401,7671,,,,,
20090402,7682,,,,,
20090403,7667,,,,,
20090406,7700,,,,,
20090407,7710,,,,,
20090408,7717,,,,,
20090409,7733,,,,,
20090410,7727,,,,,
20090413,7754,,,,,
20090414,7764,,,,,
20090415,7767,,,,,
20090416,7782,,,,,
20090417,7770,,,,,
20090420,7802,,,,,
20090421,7809,,,,,
20090422,7816,,,,,
20090423,7829,,,,,
20090424,7808,,,,,
20090427,6283,,,,,
20090428,7872,,,,,
20090429,7877,,,,,
20090430,7888,,,,,
20090501,7876,,,,,
20090504,7910,,,,,
20090505,7919,,,,,
20090506,7930,,,,,
20090507,7940,,,,,
20090508,7924,,,,,
20090511,7961,,,,,
20090512,7977,,,,,
20090513,7985,,,,,
20090514,7999,,,,,
20090515,7985,,,,,
20090518,8021,,,,,
20090519,8027,,,,,
20090520,8038,,,,,
20090521,8054,,,,,
20090522,8034,,,,,
20090525,8070,,,,,
20090526,8079,,,,,
20090527,8084,,,,,
20090528,8097,,,,,
20090529,8093,,,,,
20090601,8131,,,,,
20090602,8145,,,,,
20090603,8149,,,,,
20090604,8163,,,,,
20090605,8152,,,,,
20090608,8176,,,,,
20090609,8189,,,,,
20090610,8196,,,,,
20090611,8213,,,,,
20090612,8194,,,,,
20090615,8231,,,,,
20090616,8239,,,,,
20090617,8246,,,,,
20090618,8254,,,,,
20090619,8236,,,,,
20090622,8274,,,,,
20090623,8286,,,,,
20090624,8292,,,,,
20090625,8302,,,,,
20090626,8298,,,,,
20090629,8329,,,,,
20090630,8339,,,,,
20090701,8343,,,,,
20090702,8355,,,,,
20090703,8348,,,,,
20090706,8374,,,,,
20090707,8380,,,,,
20090708,8384,,,,,
20090709,8395,,,,,
20090710,8387,,,,,
20090713,8423,,,,,
20090714,8432,,,,,
20090715,8438,,,,,
20090716,8455,,,,,
20090717,8440,,,,,
20090720,8481,,,,,
20090721,8490,,,,,
20090722,8492,,,,,
20090723,8506,,,,,
20090724,8481,,,,,
20090727,8522,,,,,
20090728,8538,,,,,
20090729,8541,,,,,
20090730,8557,,,,,
20090731,8542,,,,,
20090803,8586,,,,,
20090804,8609,,,,,
20090805,8526,,,,,
20090806,6269,,,,,
20090807,8596,,,,,
20090810,8641,,,,,
20090811,8015,,,,,
20090812,7523,,,,,
20090813,8696,,,,,
20090814,8699,,,,,
20090817,7745,,,,,
20090818,8724,,,,,
20090819,6102,,,,,
20090820,5661,,,,,
20090821,6341,,,,,
20090824,5441,,,,,
20090825,5213,,,,,
20090826,4702,,,,,
20090827,6934,,,,,
20090828,5155,,,,,
20090831,6743,,,,,
20090901,5842,,,,,
20090902,4006,,,,,
20090903,5058,,,,,
20090904,8398,,,,,
20090907,8872,,,,,
20090908,6804,,,,,
20090909,4754,,,,,
20090910,3684,,,,,
20090911,5398,,,,,
20090914,5380,,,,,
20090915,4166,,,,,
20090916,7835,,,,,
20090917,6565,,,,,
20090918,4331,,,,,
20090921,7702,,,,,
20090922,7273,,,,,
20090923,8992,,,,,
20090924,9002,,,,,
20090925,9004,,,,,
20090928,9021,,,,,
20090929,9037,,,,,
20090930,9042,,,,,
20091001,9058,,,,,
20091002,9068,,,,,
20091005,9088,,,,,
20091006,9100,,,,,
20091007,2971,,,,,
20091008,9124,,,,,
20091009,9116,,,,,
20091012,9145,,,,,
20091013,9164,,,,,
20091014,9171,,,,,
20091015,9182,,,,,
20091016,9186,,,,,
20091019,9199,,,,,
20091020,9214,,,,,
20091021,9220,,,,,
20091022,9239,,,,,
20091023,9217,,,,,
20091026,9262,,,,,
20091027,9270,,,,,
20091028,9280,,,,,
20091029,9297,,,,,
20091030,9293,,,,,
20091102,9342,,,,,
20091103,9363,,,,,
20091104,9376,,,,,
20091105,9396,,,,,
20091106,9390,,,,,
20091109,9421,,,,,
20091110,9443,,,,,
20091111,9455,,,,,
20091112,9472,,,,,
20091113,9469,,,,,
20091116,9492,,,,,
20091117,9505,,,,,
20091118,9512,,,,,
20091119,9524,,,,,
20091120,9518,,,,,
20091123,9554,,,,,
20091124,9574,,,,,
20091125,9582,,,,,
20091126,9592,,,,,
20091127,9581,,,,,
20091130,9610,,,,,
20091201,9630,,,,,
20091202,9636,,,,,
20091203,9653,,,,,
20091204,9641,,,,,
20091207,9682,,,,,
20091208,9703,,,,,
20091209,9718,,,,,
20091210,9731,,,,,
20091211,9728,,,,,
20091214,9755,,,,,
20091215,9770,,,,,
20091216,9775,,,,,
20091217,9791,,,,,
20091218,9778,,,,,
20091221,9815,,,,,
20091222,9826,,,,,
20091223,9830,,,,,
20091224,9846,,,,,
20091225,9834,,,,,
20091228,9860,,,,,
20091229,9874,,,,,
20091230,9887,,,,,
20091231,9901,,,,,
20100101,9894,,,,,
20100104,9939,,,,,
20100105,9955,,,,,
20100106,9966,,,,,
20100107,9982,,,,,
20100108,6985,,,,,
20100111,10019,,,,,
20100112,10037,,,,,
20100113,10046,,,,,
20100114,10056,,,,,
20100115,10047,,,,,
20100118,10079,,,,,
20100119,10092,,,,,
20100120,10103,,,,,
20100121,10117,,,,,
20100122,10109,,,,,
20100125,10169,,,,,
20100126,10178,,,,,
20100127,10192,,,,,
20100128,10202,,,,,
20100129,10183,,,,,
20100201,10219,,,,,
20100202,10227,,,,,
20100203,10236,,,,,
20100204,10249,,,,,
20100205,10244,,,,,
20100208,10274,,,,,
20100209,10292,,,,,
20100210,10295,,,,,
20100211,10318,,,,,
20100212,10306,,,,,
20100215,10334,,,,,
20100216,10349,,,,,
20100217,10359,,,,,
20100218,10372,,,,,
20100219,10365,,,,,
20100222,10386,,,,,
20100223,10401,,,,,
20100224,10403,,,,,
20100225,10427,,,,,
20100226,10432,,,,,
20100301,10477,,,,,
20100302,10479,,,,,
20100303,10491,,,,,
20100304,10510,,,,,
20100305,10493,,,,,
20100308,10530,,,,,
20100309,10543,,,,,
20100310,10553,,,,,
20100311,10562,,,,,
20100312,10553,,,,,
20100315,10593,,,,,
20100316,10613,,,,,
20100317,10618,,,,,
20100318,10635,,,,,
20100319,10631,,,,,
20100322,10678,,,,,
20100323,10687,,,,,
20100324,10692,,,,,
20100325,10705,,,,,
20100326,10689,,,,,
20100329,10736,,,,,
20100330,10744,,,,,
20100331,10749,,,,,
20100401,10767,,,,,
20100402,10765,,,,,
20100405,10797,,,,,
20100406,10811,,,,,
20100407,10824,,,,,
20100408,10842,,,,,
20100409,10835,,,,,
20100412,10868,,,,,
20100413,10884,,,,,
20100414,10892,,,,,
20100415,10907,,,,,
20100416,10898,,,,,
20100419,10933,,,,,
20100420,10943,,,,,
20100421,10950,,,,,
20100422,10963,,,,,
20100423,10953,,,,,
20100426,11005,,,,,
20100427,11017,,,,,
20100428,11021,,,,,
20100429,11048,,,,,
20100430,11044,,,,,
20100503,11071,,,,,
20100504,11082,,,,,
20100505,11083,,,,,
20100506,11095,,,,,
20100507,11073,,,,,
20100510,11121,,,,,
20100511,11129,,,,,
20100512,11137,,,,,
20100513,11153,,,,,
20100514,11148,,,,,
20100517,11189,,,,,
20100518,11196,,,,,
20100519,11205,,,,,
20100520,11220,,,,,
20100521,11204,,,,,
20100524,11235,,,,,
20100525,11246,,,,,
20100526,11253,,,,,
20100527,11263,,,,,
20100528,6244,,,,,
20100531,11282,,,,,
20100601,11300,,,,,
20100602,11302,,,,,
20100603,11320,,,,,
20100604,11305,,,,,
20100607,11351,,,,,
20100608,11359,,,,,
20100609,11364,,,,,
20100610,11378,,,,,
20100611,11365,,,,,
20100614,11396,,,,,
20100615,11410,,,,,
20100616,11427,,,,,
20100617,11437,,,,,
20100618,11410,,,,,
20100621,11464,,,,,
20100622,11476,,,,,
20100623,11485,,,,,
20100624,11494,,,,,
20100625,11465,,,,,
20100628,11519,,,,,
20100629,10809,,,,,
20100630,9997,,,,,
20100701,10913,,,,,
20100702,11501,,,,,
20100705,11563,,,,,
20100706,10820,,,,,
20100707,9452,,,,,
20100708,9789,,,,,
20100709,11553,,,,,
20100712,11626,,,,,
20100713,11641,,,,,
20100714,11653,,,,,
20100715,10078,,,,,
20100716,10116,,,,,
20100719,11696,,,,,
20100720,11423,,,,,
20100721,10355,,,,,
20100722,11321,,,,,
20100723,11689,,,,,
20100726,11748,,,,,
20100727,11770,,,,,
20100728,11778,,,,,
20100729,11791,,,,,
20100730,11775,,,,,
20100802,11822,,,,,
20100803,11832,,,,,
20100804,11836,,,,,
20100805,11854,,,,,
20100806,11839,,,,,
20100809,11876,,,,,
20100810,11887,,,,,
20100811,11891,,,,,
20100812,11911,,,,,
20100813,11882,,,,,
20100816,11941,,,,,
20100817,10674,,,,,
20100818,11962,,,,,
20100819,11975,,,,,
20100820,11957,,,,,
20100823,8468,,,,,
20100824,8368,,,,,
20100825,10946,,,,,
20100826,12032,,,,,
20100827,11983,,,,,
20100830,8631,,,,,
20100831,8294,,,,,
20100901,7928,,,,,
20100902,9206,,,,,
20100903,9997,,,,,
20100906,10081,,,,,
20100907,8801,,,,,
20100908,9166,,,,,
20100909,9642,,,,,
20100910,9555,,,,,
20100913,8041,,,,,
20100914,8614,,,,,
20100915,8456,,,,,
20100916,9124,,,,,
20100917,9240,,,,,
20100920,8917,,,,,
20100921,9776,,,,,
20100922,9952,,,,,
20100923,10814,,,,,
20100924,11344,,,,,
20100927,11554,,,,,
20100928,8982,,,,,
20100929,9652,,,,,
20100930,10327,,,,,
20101001,10902,,,,,
20101004,12366,,,,,
20101005,9504,,,,,
20101006,9590,,,,,
20101007,10985,,,,,
20101008,9811,,,,,
20101011,11341,,,,,
20101012,10575,,,,,
20101013,10264,,,,,
20101014,9657,,,,,
20101015,10600,,,,,
20101018,11312,,,,,
20101019,10703,,,,,
20101020,10563,,,,,
20101021,8425,,,,,
20101022,12028,,,,,
20101025,12633,,,,,
20101026,11412,,,,,
20101027,11328,,,,,
20101028,8764,,,,,
20101029,11583,,,,,
20101101,12712,,,,,
20101102,11477,,,,,
20101103,11274,,,,,
20101104,11285,,,,,
20101105,12752,,,,,
20101108,8047,,,,,
20101109,8290,,,,,
20101110,6903,,,,,
20101111,12367,,,,,
20101112,12835,,,,,
20101115,12859,,,,,
20101116,9499,,,,,
20101117,10218,,,,,
20101118,12891,,,,,
20101119,12899,,,,,
20101122,12933,,,,,
20101123,12951,,,,,
20101124,12967,,,,,
20101125,12978,,,,,
20101126,12977,,,,,
20101129,12999,,,,,
20101130,13010,,,,,
20101201,13028,,,,,
20101202,13038,,,,,
20101203,13042,,,,,
20101206,13058,,,,,
20101207,13071,,,,,
20101208,13073,,,,,
20101209,13091,,,,,
20101210,13098,,,,,
20101213,13126,,,,,
20101214,13145,,,,,
20101215,13150,,,,,
20101216,13168,,,,,
20101217,13167,,,,,
20101220,7138,,,,,
20101221,7232,,,,,
20101222,6284,,,,,
20101223,6980,,,,,
20101224,5863,,,,,
20101227,7279,,,,,
20101228,6620,,,,,
20101229,6674,,,,,
20101230,6560,,,,,
20101231,7246,,,,,
20110103,6508,,,,,
20110104,3142,,,,,
20110105,3661,,,,,
20110106,6401,,,,,
20110107,6583,,,,,
20110110,4712,,,,,
20110111,6154,,,,,
20110112,6410,,,,,
20110113,4307,,,,,
20110114,3699,,,,,
20110117,6504,,,,,
20110118,6011,,,,,
20110119,5891,,,,,
20110120,5155,,,,,
20110121,6867,,,,,
20110124,5734,,,,,
20110125,4692,,,,,
20110126,5689,,,,,
20110127,5306,,,,,
20110128,5352,,,,,
20110131,3802,,,,,
20110201,5651,,,,,
20110202,5166,,,,,
20110203,4656,,,,,
20110204,5418,,,,,
20110207,5382,,,,,
20110208,4883,,,,,
20110209,6141,,,,,
20110210,5522,,,,,
20110211,5196,,,,,
20110214,4869,,,,,
20110215,5649,,,,,
20110216,4462,,,,,
20110217,5742,,,,,
20110218,4892,,,,,
20110221,4592,,,,,
20110222,5691,,,,,
20110223,3861,,,,,
20110224,6104,,,,,
20110225,2636,,,,,
20110228,3551,,,,,
20110301,6364,,,,,
20110302,6098,,,,,
20110303,5357,,,,,
20110304,6309,,,,,
20110307,4751,,,,,
20110308,5768,,,,,
20110309,1664,,,,,
20110310,1978,,,,,
20110311,1952,,,,,
20110314,1867,,,,,
20110315,1877,,,,,
20110316,1875,,,,,
20110317,1819,,,,,
20110318,2610,,,,,
20110321,1498,,,,,
20110322,2897,,,,,
20110323,8362,,,,,
20110324,8471,,,,,
20110325,4281,,,,,
20110328,7179,,,,,
20110329,5830,,,,,
20110330,4404,,,,,
20110331,5139,,,,,
20110401,5122,,,,,
20110404,7171,,,,,
20110405,6112,,,,,
20110406,6150,,,,,
20110407,5255,,,,,
20110408,4208,,,,,
20110411,6617,,,,,
20110412,8516,,,,,
20110413,3793,,,,,
20110414,4319,,,,,
20110415,4757,,,,,
20110418,7656,,,,,
20110419,5753,,,,,
20110420,5618,,,,,
20110421,5219,,,,,
20110422,5395,,,,,
20110425,10512,,,,,
20110426,4115,,,,,
20110427,4803,,,,,
20110428,4732,,,,,
20110429,4901,,,,,
20110502,6459,,,,,
20110503,6405,,,,,
20110504,5906,,,,,
20110505,5032,,,,,
20110506,4490,,,,,
20110509,6718,,,,,
20110510,6599,,,,,
20110511,3934,,,,,
20110512,4546,,,,,
20110513,4269,,,,,
20110516,5600,,,,,
20110517,7032,,,,,
20110518,6246,,,,,
20110519,4183,,,,,
20110520,4492,,,,,
20110523,6352,,,,,
20110524,6897,,,,,
20110525,4341,,,,,
20110526,4158,,,,,
20110527,4587,,,,,
20110530,5397,,,,,
20110531,7090,,,,,
20110601,5045,,,,,
20110602,5108,,,,,
20110603,4970,,,,,
20110606,9199,,,,,
20110607,5032,,,,,
20110608,4041,,,,,
20110609,3094,,,,,
20110610,4082,,,,,
20110613,5646,,,,,
20110614,5366,,,,,
20110615,10171,,,,,
20110616,4053,,,,,
20110617,4157,,,,,
20110620,5356,,,,,
20110621,8274,,,,,
20110622,4765,,,,,
20110623,4197,,,,,
20110624,4006,,,,,
20110627,5939,,,,,
20110628,5048,,,,,
20110629,5841,,,,,
20110630,5116,,,,,
20110701,5140,,,,,
20110704,5442,,,,,
20110705,4714,,,,,
20110706,6779,,,,,
20110707,14135,,,,,
20110708,13908,,,,,
20110711,14070,,,,,
20110712,14190,,,,,
20110713,13659,,,,,
20110714,13570,,,,,
20110715,13449,,,,,
20110718,13992,,,,,
20110719,13457,,,,,
20110720,14102,,,,,
20110721,14670,,,,,
20110722,14365,,,,,
20110725,14238,,,,,
20110726,13847,,,,,
20110727,13510,,,,,
20110728,13335,,,,,
20110729,13766,,,,,
20110801,13441,,,,,
20110802,13535,,,,,
20110803,14068,,,,,
20110804,13245,,,,,
20110805,12683,,,,,
20110808,13165,,,,,
20110809,12268,,,,,
20110810,13529,,,,,
20110811,13082,,,,,
20110812,13441,,,,,
20110815,13157,,,,,
20110816,13291,,,,,
20110817,12992,,,,,
20110818,12008,,,,,
20110819,10470,,,,,
20110822,12394,,,,,
20110823,11962,,,,,
20110824,12483,,,,,
20110825,12631,,,,,
20110826,12718,,,,,
20110829,12386,,,,,
20110830,12783,,,,,
20110831,12431,,,,,
20110901,12290,,,,,
20110902,12695,,,,,
20110905,13623,,,,,
20110906,12477,,,,,
20110907,13018,,,,,
20110908,12680,,,,,
20110909,12835,,,,,
20110912,12537,,,,,
20110913,12671,,,,,
20110914,12084,,,,,
20110915,12137,,,,,
20110916,12033,,,,,
20110919,11575,,,,,
20110920,11782,,,,,
20110921,12209,,,,,
20110922,11347,,,,,
20110923,4999,,,,,
20110926,5050,,,,,
20110927,4812,,,,,
20110928,5064,,,,,
20110929,5164,,,,,
20110930,4927,,,,,
20111003,2041,,,,,
20111004,4571,,,,,
20111005,4964,,,,,
20111006,5242,,,,,
20111007,4708,,,,,
20111010,5100,,,,,
20111011,5208,,,,,
20111012,5202,,,,,
20111013,5247,,,,,
20111014,5007,,,,,
20111017,4972,,,,,
20111018,2884,,,,,
20111019,2832,,,,,
20111020,3018,,,,,
20111021,3228,,,,,
20111024,3278,,,,,
20111025,2804,,,,,
20111026,2270,,,,,
20111027,2711,,,,,
20111028,2770,,,,,
20111031,3085,,,,,
20111101,2520,,,,,
20111102,2586,,,,,
20111103,2522,,,,,
20111104,2406,,,,,
20111107,2594,,,,,
20111108,9964,,,,,
20111109,8382,,,,,
20111110,6078,,,,,
20111111,6402,,,,,
20111114,6155,,,,,
20111115,6416,,,,,
20111116,6043,,,,,
20111117,5839,,,,,
20111118,6389,,,,,
20111121,6468,,,,,
20111122,6474,,,,,
20111123,6321,,,,,
20111124,5429,,,,,
20111125,5465,,,,,
20111128,5569,,,,,
20111129,5399,,,,,
20111130,5504,,,,,
20111201,5407,,,,,
20111202,5330,,,,,
20111205,5231,,,,,
20111206,5337,,,,,
20111207,4961,,,,,
20111208,4538,,,,,
20111209,5408,,,,,
20111212,5254,,,,,
20111213,5409,,,,,
20111214,5408,,,,,
20111215,5133,,,,,
20111216,5208,,,,,
20111219,5146,,,,,
20111220,4804,,,,,
20111221,5201,,,,,
20111222,5303,,,,,
20111223,5233,,,,,
20111226,5230,,,,,
20111227,5202,,,,,
20111228,4764,,,,,
20111229,5089,,,,,
20111230,5132,,,,,
20120102,5175,,,,,
20120103,5323,,,,,
20120104,5253,,,,,
20120105,5109,,,,,
20120106,4991,,,,,
20120109,4645,,,,,
20120110,5099,,,,,
20120111,4762,,,,,
20120112,5126,,,,,
20120113,4985,,,,,
20120116,4963,,,,,
20120117,5100,,,,,
20120118,4745,,,,,
20120119,4111,,,,,
20120120,4762,,,,,
20120123,4991,,,,,
20120124,4927,,,,,
20120125,4686,,,,,
20120126,5250,,,,,
20120127,4657,,,,,
20120130,4844,,,,,
20120131,5629,,,,,
20120201,4694,,,,,
20120202,4613,,,,,
20120203,4722,,,,,
20120206,4597,,,,,
20120207,4852,,,,,
20120208,4570,,,,,
20120209,4452,,,,,
20120210,4747,,,,,
20120213,4622,,,,,
20120214,4834,,,,,
20120215,3814,,,,,
20120216,4329,,,,,
20120217,5482,,,,,
20120220,4638,,,,,
20120221,3885,,,,,
20120222,5373,,,,,
20120223,4944,,,,,
20120224,4521,,,,,
20120227,4424,,,,,
20120228,4907,,,,,
20120229,5424,,,,,
20120301,3577,,,,,
20120302,3799,,,,,
20120305,4529,,,,,
20120306,5310,,,,,
20120307,3967,,,,,
20120308,4524,,,,,
20120309,4205,,,,,
20120312,5438,,,,,
20120313,5453,,,,,
20120314,5294,,,,,
20120315,5168,,,,,
20120316,5095,,,,,
20120319,5354,,,,,
20120320,4959,,,,,
20120321,5556,,,,,
20120322,5314,,,,,
20120323,5384,,,,,
20120326,5510,,,,,
20120327,5084,,,,,
20120328,5558,,,,,
20120329,5366,,,,,
20120330,5268,,,,,
20120402,5403,,,,,
20120403,5503,,,,,
20120404,5043,,,,,
20120405,5488,,,,,
20120406,5800,,,,,
20120409,5136,,,,,
20120410,4789,,,,,
20120411,5419,,,,,
20120412,5385,,,,,
20120413,5328,,,,,
20120416,5501,,,,,
20120417,5150,,,,,
20120418,5061,,,,,
20120419,5404,,,,,
20120420,5698,,,,,
20120423,5574,,,,,
20120424,5885,,,,,
20120425,5315,,,,,
20120426,5307,,,,,
20120427,4894,,,,,
20120430,11931,,,,,
20120501,11372,,,,,
20120502,10760,,,,,
20120503,11622,,,,,
20120504,11840,,,,,
20120507,11635,,,,,
20120508,10898,,,,,
20120509,12479,,,,,
20120510,12143,,,,,
20120511,12339,,,,,
20120514,11614,,,,,
20120515,12462,,,,,
20120516,12148,,,,,
20120517,11222,,,,,
20120518,12636,,,,,
20120521,12387,,,,,
20120522,12122,,,,,
20120523,11728,,,,,
20120524,12317,,,,,
20120525,11498,,,,,
20120528,11752,,,,,
20120529,12476,,,,,
20120530,12500,,,,,
20120531,11714,,,,,
20120601,11533,,,,,
20120604,12038,,,,,
20120605,12094,,,,,
20120606,12132,,,,,
20120607,12581,,,,,
20120608,11387,,,,,
20120611,11310,,,,,
20120612,12531,,,,,
20120613,12340,,,,,
20120614,11407,,,,,
20120615,12216,,,,,
20120618,12419,,,,,
20120619,11437,,,,,
20120620,11981,,,,,
20120621,11791,,,,,
20120622,11074,,,,,
20120625,11609,,,,,
20120626,12171,,,,,
20120627,10572,,,,,
20120628,11834,,,,,
20120629,11020,,,,,
20120702,10288,,,,,
20120703,12170,,,,,
20120704,11193,,,,,
20120705,10955,,,,,
20120706,11395,,,,,
20120709,11393,,,,,
20120710,11594,,,,,
20120711,11990,,,,,
20120712,10998,,,,,
20120713,12114,,,,,
20120716,12020,,,,,
20120717,10428,,,,,
20120718,12448,,,,,
20120719,11784,,,,,
20120720,11727,,,,,
20120723,12030,,,,,
20120724,10534,,,,,
20120725,11436,,,,,
20120726,11959,,,,,
20120727,11161,,,,,
20120730,11447,,,,,
20120731,12833,,,,,
20120801,10147,,,,,
20120802,10945,,,,,
20120803,10717,,,,,
20120806,11308,,,,,
20120807,11983,,,,,
20120808,10602,,,,,
20120809,12163,,,,,
20120810,11102,,,,,
20120813,10603,,,,,
20120814,9335,,,,,
20120815,5302,,,,,
20120816,5431,,,,,
20120817,5459,,,,,
20120820,4398,,,,,
20120821,5398,,,,,
20120822,5520,,,,,
20120823,5586,,,,,
20120824,5466,,,,,
20120827,5922,,,,,
20120828,5301,,,,,
20120829,5572,,,,,
20120830,5788,,,,,
20120831,7350,,,,,
20120903,5785,,,,,
20120904,6096,,,,,
20120905,5388,,,,,
20120906,5261,,,,,
20120907,5566,,,,,
20120910,5372,,,,,
20120911,5452,,,,,
20120912,5601,,,,,
20120913,5774,,,,,
20120914,5058,,,,,
20120917,5741,,,,,
20120918,5530,,,,,
20120919,4958,,,,,
20120920,5385,,,,,
20120921,5547,,,,,
20120924,5181,,,,,
20120925,5527,,,,,
20120926,5228,,,,,
20120927,5054,,,,,
20120928,5240,,,,,
20121001,5416,,,,,
20121002,4930,,,,,
20121003,4912,,,,,
20121004,5683,,,,,
20121005,5537,,,,,
20121008,5101,,,,,
20121009,5704,,,,,
20121010,3949,,,,,
20121011,5574,,,,,
20121012,5116,,,,,
20121015,6052,,,,,
20121016,5084,,,,,
20121017,5251,,,,,
20121018,5599,,,,,
20121019,4683,,,,,
20121022,5593,,,,,
20121023,4954,,,,,
20121024,5229,,,,,
20121025,5469,,,,,
20121026,4691,,,,,
20121029,4997,,,,,
20121030,5086,,,,,
20121031,6221,,,,,
20121101,5251,,,,,
20121102,5540,,,,,
20121105,5200,,,,,
20121106,5170,,,,,
20121107,5240,,,,,
20121108,5359,,,,,
20121109,4935,,,,,
20121112,4899,,,,,
20121113,4792,,,,,
20121114,4651,,,,,
20121115,4724,,,,,
20121116,4567,,,,,
20121119,4694,,,,,
20121120,4158,,,,,
20121121,4780,,,,,
20121122,4701,,,,,
20121123,4462,,,,,
20121126,4500,,,,,
20121127,4659,,,,,
20121128,4701,,,,,
20121129,4527,,,,,
20121130,5404,,,,,
20121203,4361,,,,,
20121204,4167,,,,,
20121205,4479,,,,,
20121206,4161,,,,,
20121207,4443,,,,,
20121210,4610,,,,,
20121211,4519,,,,,
20121212,4544,,,,,
20121213,4646,,,,,
20121214,4139,,,,,
20121217,4619,,,,,
20121218,4299,,,,,
20121219,4366,,,,,
20121220,4235,,,,,
20121221,4319,,,,,
20121224,4690,,,,,
20121225,4020,,,,,
20121226,4038,,,,,
20121227,4247,,,,,
20121228,4400,,,,,
20121231,5561,,,,,
20130101,3848,,,,,
20130102,4097,,,,,
20130103,4413,,,,,
20130104,4620,,,,,
20130107,4266,,,,,
20130108,4048,,,,,
20130109,4231,,,,,
20130110,4471,,,,,
20130111,4454,,,,,
20130114,4039,,,,,
20130115,4406,,,,,
20130116,4231,,,,,
20130117,4053,,,,,
20130118,4392,,,,,
20130121,3988,,,,,
20130122,4346,,,,,
20130123,4561,,,,,
20130124,4497,,,,,
20130125,4578,,,,,
20130128,4570,,,,,
20130129,4549,,,,,
20130130,4488,,,,,
20130131,5641,,,,,
20130201,4143,,,,,
20130204,4409,,,,,
20130205,4541,,,,,
20130206,4853,,,,,
20130207,4650,,,,,
20130208,4156,,,,,
20130211,4520,,,,,
20130212,5593,,,,,
20130213,4479,,,,,
20130214,4277,,,,,
20130215,4465,,,,,
20130218,4556,,,,,
20130219,4573,,,,,
20130220,4152,,,,,
20130221,3934,,,,,
20130222,4307,,,,,
20130225,4107,,,,,
20130226,3933,,,,,
20130227,4286,,,,,
20130228,5094,,,,,
20130301,4287,,,,,
20130304,4281,,,,,
20130305,4304,,,,,
20130306,4297,,,,,
20130307,4458,,,,,
20130308,4050,,,,,
20130311,4782,,,,,
20130312,4133,,,,,
20130313,4469,,,,,
20130314,4567,,,,,
20130315,4435,,,,,
20130318,4272,,,,,
20130319,4095,,,,,
20130320,1261,,,,,
20130321,1717,,,,,
20130322,2676,,,,,
20130325,2576,,,,,
20130326,2693,,,,,
20130327,2718,,,,,
20130328,2603,,,,,
20130329,2405,,,,,
20130401,2555,,,,,
20130402,2857,,,,,
20130403,2972,,,,,
20130404,3487,,,,,
20130405,3046,,,,,
20130408,857,,,,,
20130409,824,,,,,
20130410,1678,,,,,
20130411,3680,,,,,
20130412,3342,,,,,
20130415,3057,,,,,
20130416,3199,,,,,
20130417,3560,,,,,
20130418,3631,,,,,
20130419,3698,,,,,
20130422,3259,,,,,
20130423,3253,,,,,
20130424,3356,,,,,
20130425,3397,,,,,
20130426,3293,,,,,
20130429,3380,,,,,
20130430,3638,,,,,
20130501,3230,,,,,
20130502,3337,,,,,
20130503,3454,,,,,
20130506,3794,,,,,
20130507,3920,,,,,
20130508,3379,,,,,
20130509,3580,,,,,
20130510,3546,,,,,
20130513,3772,,,,,
20130514,3817,,,,,
20130515,3700,,,,,
20130516,3616,,,,,
20130517,3587,,,,,
20130520,3650,,,,,
20130521,3762,,,,,
20130522,3818,,,,,
20130523,3732,,,,,
20130524,3663,,,,,
20130527,3528,,,,,
20130528,3496,,,,,
20130529,3579,,,,,
20130530,3714,,,,,
20130531,4034,,,,,
20130603,3453,,,,,
20130604,3399,,,,,
20130605,3619,,,,,
20130606,3878,,,,,
20130607,3758,,,,,
20130610,3809,,,,,
20130611,3820,,,,,
20130612,3879,,,,,
20130613,3581,,,,,
20130614,3659,,,,,
20130617,3751,,,,,
20130618,3253,,,,,
20130619,3541,,,,,
20130620,4151,,,,,
20130621,4155,,,,,
20130624,4220,,,,,
20130625,3741,,,,,
20130626,3780,,,,,
20130627,3589,,,,,
20130628,2981,,,,,
20130701,2930,,,,,
20130702,3787,,,,,
20130703,3637,,,,,
20130704,3719,,,,,
20130705,3961,,,,,
20130708,4228,,,,,
20130709,4015,,,,,
20130710,3952,,,,,
20130711,3734,,,,,
20130712,3819,,,,,
20130715,4110,,,,,
20130716,3879,,,,,
20130717,3871,,,,,
20130718,3262,,,,,
20130719,3588,,,,,
20130722,3728,,,,,
20130723,3830,,,,,
20130724,3974,,,,,
20130725,3773,,,,,
20130726,3570,,,,,
20130729,3722,,,,,
20130730,3981,,,,,
20130731,4514,,,,,
20130801,3813,,,,,
20130802,3415,,,,,
20130805,3692,,,,,
20130806,3849,,,,,
20130807,3953,,,,,
20130808,3844,,,,,
20130809,3904,,,,,
20130812,3832,,,,,
20130813,3489,,,,,
20130814,3868,,,,,
20130815,3892,,,,,
20130816,3744,,,,,
20130819,3547,,,,,
20130820,3461,,,,,
20130821,3639,,,,,
20130822,4052,,,,,
20130823,4015,,,,,
20130826,3669,,,,,
20130827,3784,,,,,
20130828,3607,,,,,
20130829,3808,,,,,
20130830,3976,,,,,
20130902,3330,,,,,
20130903,3627,,,,,
20130904,3339,,,,,
20130905,3340,,,,,
20130906,3399,,,,,
20130909,4061,,,,,
20130910,3917,,,,,
20130911,3679,,,,,
20130912,3557,,,,,
20130913,3675,,,,,
20130916,3624,,,,,
20130917,4220,,,,,
20130918,3908,,,,,
20130919,4027,,,,,
20130920,3570,,,,,
20130923,4117,,,,,
20130924,3906,,,,,
20130925,4263,,,,,
20130926,4052,,,,,
20130927,3737,,,,,
20130930,4651,,,,,
20131001,3531,,,,,
20131002,3833,,,,,
20131003,3969,,,,,
20131004,4039,,,,,
20131007,3925,,,,,
20131008,3933,,,,,
20131009,3879,,,,,
20131010,3880,,,,,
20131011,3990,,,,,
20131014,3555,,,,,
20131015,3928,,,,,
20131016,3892,,,,,
20131017,3843,,,,,
20131018,4158,,,,,
20131021,3566,,,,,
20131022,3883,,,,,
20131023,3974,,,,,
20131024,4878,,,,,
20131025,4858,,,,,
20131028,4645,,,,,
20131029,4998,,,,,
20131030,4956,,,,,
20131031,5902,,,,,
20131101,4832,,,,,
20131104,4880,,,,,
20131105,4892,,,,,
20131106,4733,,,,,
20131107,4943,,,,,
20131108,4891,,,,,
20131111,4524,,,,,
20131112,4663,,,,,
20131113,5021,,,,,
20131114,4907,,,,,
20131115,4932,,,,,
20131118,4692,,,,,
20131119,4635,,,,,
20131120,4906,,,,,
20131121,5160,,,,,
20131122,5059,,,,,
20131125,4503,,,,,
20131126,4700,,,,,
20131127,4807,,,,,
20131128,5085,,,,,
20131129,5030,,,,,
20131202,3333,,,,,
20131203,3371,,,,,
20131204,3370,,,,,
20131205,2997,,,,,
20131206,3101,,,,,
20131209,3436,,,,,
20131210,3317,,,,,
20131211,2992,,,,,
20131212,3460,,,,,
20131213,3942,,,,,
20131216,4726,,,,,
20131217,4735,,,,,
20131218,4833,,,,,
20131219,4640,,,,,
20131220,4917,,,,,
20131223,4605,,,,,
20131224,4646,,,,,
20131225,4724,,,,,
20131226,4534,,,,,
20131227,4415,,,,,
20131230,8255,,,,,
20131231,9563,,,,,
20140101,6393,,,,,
20140102,8147,,,,,
20140103,9131,,,,,
20140106,7624,,,,,
20140107,6624,,,,,
20140108,7796,,,,,
20140109,8216,,,,,
20140110,7192,,,,,
20140113,7737,,,,,
20140114,8236,,,,,
20140115,8974,,,,,
20140116,8342,,,,,
20140117,6807,,,,,
20140120,7734,,,,,
20140121,8022,,,,,
20140122,8577,,,,,
20140123,5704,,,,,
20140124,6347,,,,,
20140127,7109,,,,,
20140128,4863,,,,,
20140129,5552,,,,,
20140130,6527,,,,,
20140131,8552,,,,,
20140203,5632,,,,,
20140204,7686,,,,,
20140205,6681,,,,,
20140206,5016,,,,,
20140207,5938,,,,,
20140210,6541,,,,,
20140211,6769,,,,,
20140212,6214,,,,,
20140213,6351,,,,,
20140214,6137,,,,,
20140217,7013,,,,,
20140218,6346,,,,,
20140219,6786,,,,,
20140220,6491,,,,,
20140221,6660,,,,,
20140224,8297,,,,,
20140225,7741,,,,,
20140226,6775,,,,,
20140227,6648,,,,,
20140228,9186,,,,,
20140303,6919,,,,,
20140304,6934,,,,,
20140305,7519,,,,,
20140306,7151,,,,,
20140307,6719,,,,,
20140310,8855,,,,,
20140311,6782,,,,,
20140312,6425,,,,,
20140313,7758,,,,,
20140314,7922,,,,,
20140317,7689,,,,,
20140318,7978,,,,,
20140319,6484,,,,,
20140320,6511,,,,,
20140321,7468,,,,,
20140324,3661,,,,,
20140325,5484,,,,,
20140326,5174,,,,,
20140327,4962,,,,,
20140328,4680,,,,,
20140331,9204,,,,,
20140401,7415,,,,,
20140402,7334,,,,,
20140403,7268,,,,,
20140404,7949,,,,,
20140407,7954,,,,,
20140408,7729,,,,,
20140409,7698,,,,,
20140410,7685,,,,,
20140411,7410,,,,,
20140414,7912,,,,,
20140415,8158,,,,,
20140416,7943,,,,,
20140417,8116,,,,,
20140418,8300,,,,,
20140421,8051,,,,,
20140422,7879,,,,,
20140423,7649,,,,,
20140424,7556,,,,,
20140425,7604,,,,,
20140428,7784,,,,,
20140429,7650,,,,,
20140430,9718,,,,,
20140501,7744,,,,,
20140502,7692,,,,,
20140505,8188,,,,,
20140506,7885,,,,,
20140507,7760,,,,,
20140508,7765,,,,,
20140509,8278,,,,,
20140512,8151,,,,,
20140513,8106,,,,,
20140514,7643,,,,,
20140515,7711,,,,,
20140516,8056,,,,,
20140519,8183,,,,,
20140520,7916,,,,,
20140521,7855,,,,,
20140522,7996,,,,,
20140523,7592,,,,,
20140526,8808,,,,,
20140527,7915,,,,,
20140528,7656,,,,,
20140529,7912,,,,,
20140530,7824,,,,,
20140602,7768,,,,,
20140603,8065,,,,,
20140604,7910,,,,,
20140605,7662,,,,,
20140606,7477,,,,,
20140609,7876,,,,,
20140610,7317,,,,,
20140611,8066,,,,,
20140612,8697,,,,,
20140613,11550,,,,,
20140616,12046,,,,,
20140617,11459,,,,,
20140618,12148,,,,,
20140619,11122,,,,,
20140620,12500,,,,,
20140623,12706,,,,,
20140624,12855,,,,,
20140625,11919,,,,,
20140626,11457,,,,,
20140627,12328,,,,,
20140630,14171,,,,,
20140701,12040,,,,,
20140702,11898,,,,,
20140703,12337,,,,,
20140704,13785,,,,,
20140707,12086,,,,,
20140708,11479,,,,,
20140709,10874,,,,,
20140710,11409,,,,,
20140711,11857,,,,,
20140714,12547,,,,,
20140715,12247,,,,,
20140716,12286,,,,,
20140717,11902,,,,,
20140718,12239,,,,,
20140721,12380,,,,,
20140722,12573,,,,,
20140723,12106,,,,,
20140724,12537,,,,,
20140725,12025,,,,,
20140728,12129,,,,,
20140729,11439,,,,,
20140730,12150,,,,,
20140731,12746,,,,,
20140801,10807,,,,,
20140804,12312,,,,,
20140805,12339,,,,,
20140806,11610,,,,,
20140807,12003,,,,,
20140808,12329,,,,,
20140811,13115,,,,,
20140812,12385,,,,,
20140813,12698,,,,,
20140814,11988,,,,,
20140815,13191,,,,,
20140818,12095,,,,,
20140819,12927,,,,,
20140820,10933,,,,,
20140821,10756,,,,,
20140822,12997,,,,,
20140825,13193,,,,,
20140826,12623,,,,,
20140827,13394,,,,,
20140828,12208,,,,,
20140829,12982,,,,,
20140901,12768,,,,,
20140902,13075,,,,,
20140903,12323,,,,,
20140904,12403,,,,,
20140905,11888,,,,,
20140908,11909,,,,,
20140909,12823,,,,,
20140910,12037,,,,,
20140911,13208,,,,,
20140912,12298,,,,,
20140915,3812,,,,,
20140916,11969,,,,,
20140917,12875,,,,,
20140918,12275,,,,,
20140919,13325,,,,,
20140922,12278,,,,,
20140923,12411,,,,,
20140924,12119,,,,,
20140925,12774,,,,,
20140926,12509,,,,,
20140929,13217,,,,,
20140930,14011,,,,,
20141001,11794,,,,,
20141002,11256,,,,,
20141003,12648,,,,,
20141006,12769,,,,,
20141007,12739,,,,,
20141008,12084,,,,,
20141009,12207,,,,,
20141010,12561,,,,,
20141013,13131,,,,,
20141014,12310,,,,,
20141015,12809,,,,,
20141016,11920,,,,,
20141017,12614,,,,,
20141020,12544,,,,,
20141021,12499,,,,,
20141022,12373,,,,,
20141023,12295,,,,,
20141024,11975,,,,,
20141027,8785,,,,,
20141028,7944,,,,,
20141029,9726,,,,,
20141030,12501,,,,,
20141031,14978,,,,,
20141103,13374,,,,,
20141104,13374,,,,,
20141105,12855,,,,,
20141106,13561,,,,,
20141107,12929,,,,,
20141110,13388,,,,,
20141111,12708,,,,,
20141112,13234,,,,,
20141113,12565,,,,,
20141114,13230,,,,,
20141117,12866,,,,,
20141118,13264,,,,,
20141119,11041,,,,,
20141120,11828,,,,,
20141121,12798,,,,,
20141124,13589,,,,,
20141125,12917,,,,,
20141126,13520,,,,,
20141127,13097,,,,,
20141128,12852,,,,,
20141201,11573,,,,,
20141202,11821,,,,,
20141203,12344,,,,,
20141204,12475,,,,,
20141205,12866,,,,,
20141208,12890,,,,,
20141209,12461,,,,,
20141210,12327,,,,,
20141211,12510,,,,,
20141212,12328,,,,,
20141215,12438,,,,,
20141216,11422,,,,,
20141217,12173,,,,,
20141218,11315,,,,,
20141219,11381,,,,,
20141222,11879,,,,,
20141223,11330,,,,,
20141224,7454,,,,,
20141225,434,,,,,
20141226,10763,,,,,
20141229,12012,,,,,
20141230,12017,,,,,
20141231,8521,,,,,
20150101,222,,,,,
20150102,11214,,,,,
20150105,11488,,,,,
20150106,11988,,,,,
20150107,11475,,,,,
20150108,11753,,,,,
20150109,11834,,,,,
20150112,11338,,,,,
20150113,11312,,,,,
20150114,11518,,,,,
20150115,11842,,,,,
20150116,11765,,,,,
20150119,13537,,,,,
20150120,13271,,,,,
20150121,13332,,,,,
20150122,13382,,,,,
20150123,13844,,,,,
20150126,13269,,,,,
20150127,13611,,,,,
20150128,13232,,,,,
20150129,13864,,,,,
20150130,13576,,,,,
20150202,12310,,,,,
20150203,12985,,,,,
20150204,13704,,,,,
20150205,12535,,,,,
20150206,13867,,,,,
20150209,13252,,,,,
20150210,13582,,,,,
20150211,13262,,,,,
20150212,13547,,,,,
20150213,13541,,,,,
20150216,13788,,,,,
20150217,12777,,,,,
20150218,12666,,,,,
20150219,13342,,,,,
20150220,13426,,,,,
20150223,12863,,,,,
20150224,12969,,,,,
20150225,12963,,,,,
20150226,13560,,,,,
20150227,13045,,,,,
20150302,8881,,,,,
20150303,10042,,,,,
20150304,11678,,,,,
20150305,13206,,,,,
20150306,12638,,,,,
20150309,13039,,,,,
20150310,12862,,,,,
20150311,13088,,,,,
20150312,12285,,,,,
20150313,12511,,,,,
20150316,13129,,,,,
20150317,12788,,,,,
20150318,13531,,,,,
20150319,7563,,,,,
20150320,398,,,,,
20150323,13412,,,,,
20150324,12726,,,,,
20150325,12987,,,,,
20150326,13012,,,,,
20150327,12953,,,,,
20150330,12779,,,,,
20150331,14677,,,,,
20150401,11257,,,,,
20150402,11206,,,,,
20150403,12505,,,,,
20150406,11845,,,,,
20150407,12211,,,,,
20150408,12290,,,,,
20150409,12530,,,,,
20150410,12383,,,,,
20150413,12178,,,,,
20150414,12564,,,,,
20150415,12019,,,,,
20150416,12367,,,,,
20150417,12353,,,,,
20150420,12144,,,,,
20150421,12647,,,,,
20150422,12049,,,,,
20150423,12678,,,,,
20150424,11938,,,,,
20150427,11554,,,,,
20150428,12641,,,,,
20150429,11741,,,,,
20150430,14365,,,,,
20150501,10075,,,,,
20150504,11565,,,,,
20150505,12073,,,,,
20150506,10341,,,,,
20150507,10524,,,,,
20150508,10397,,,,,
20150511,10730,,,,,
20150512,11785,,,,,
20150513,12016,,,,,
20150514,11670,,,,,
20150515,12352,,,,,
20150518,11873,,,,,
20150519,11900,,,,,
20150520,12321,,,,,
20150521,12593,,,,,
20150522,12447,,,,,
20150525,12060,,,,,
20150526,11863,,,,,
20150527,12335,,,,,
20150528,11257,,,,,
20150529,12248,,,,,
20150601,10845,,,,,
20150602,10372,,,,,
20150603,12182,,,,,
20150604,11231,,,,,
20150605,11735,,,,,
20150608,12243,,,,,
20150609,11533,,,,,
20150610,12363,,,,,
20150611,11697,,,,,
20150612,12079,,,,,
20150615,12347,,,,,
20150616,11474,,,,,
20150617,12082,,,,,
20150618,11703,,,,,
20150619,11782,,,,,
20150622,12497,,,,,
20150623,11798,,,,,
20150624,12171,,,,,
20150625,12181,,,,,
20150626,11268,,,,,
20150629,11930,,,,,
20150630,13686,,,,,
20150701,10263,,,,,
20150702,11088,,,,,
20150703,11703,,,,,
20150706,11796,,,,,
20150707,11797,,,,,
20150708,10997,,,,,
20150709,11915,,,,,
20150710,11411,,,,,
20150713,10898,,,,,
20150714,11706,,,,,
20150715,11646,,,,,
20150716,11322,,,,,
20150717,11749,,,,,
20150720,11383,,,,,
20150721,11268,,,,,
20150722,11512,,,,,
20150723,10854,,,,,
20150724,10940,,,,,
20150727,11874,,,,,
20150728,10156,,,,,
20150729,10436,,,,,
20150730,9987,,,,,
20150731,13140,,,,,
20150803,10263,,,,,
20150804,10791,,,,,
20150805,10435,,,,,
20150806,9806,,,,,
20150807,9990,,,,,
20150810,10465,,,,,
20150811,10118,,,,,
20150812,10243,,,,,
20150813,11312,,,,,
20150814,10540,,,,,
20150817,10353,,,,,
20150818,11300,,,,,
20150819,10875,,,,,
20150820,10671,,,,,
20150821,11115,,,,,
20150824,11154,,,,,
20150825,10802,,,,,
20150826,11197,,,,,
20150827,11075,,,,,
20150828,10929,,,,,
20150831,13104,,,,,
20150901,10234,,,,,
20150902,9946,,,,,
20150903,11103,,,,,
20150904,11206,,,,,
20150907,11006,,,,,
20150908,11381,,,,,
20150909,11302,,,,,
20150910,10943,,,,,
20150911,10948,,,,,
20150914,11211,,,,,
20150915,10774,,,,,
20150916,10987,,,,,
20150917,10979,,,,,
20150918,10226,,,,,
20150921,10899,,,,,
20150922,10700,,,,,
20150923,10336,,,,,
20150924,10553,,,,,
20150925,10431,,,,,
20150928,11015,,,,,
20150929,10840,,,,,
20150930,12864,,,,,
20151001,10035,,,,,
20151002,9734,,,,,
20151005,10741,,,,,
20151006,10388,,,,,
20151007,11082,,,,,
20151008,10089,,,,,
20151009,10663,,,,,
20151012,10841,,,,,
20151013,10209,,,,,
20151014,10688,,,,,
20151015,10957,,,,,
20151016,10620,,,,,
20151019,10601,,,,,
20151020,11257,,,,,
20151021,10696,,,,,
20151022,10842,,,,,
20151023,10824,,,,,
20151026,8832,,,,,
20151027,6916,,,,,
20151028,6175,,,,,
20151029,6400,,,,,
20151030,6743,,,,,
20151102,8952,,,,,
20151103,10638,,,,,
20151104,9115,,,,,
20151105,7742,,,,,
20151106,7587,,,,,
20151109,7613,,,,,
20151110,7843,,,,,
20151111,7788,,,,,
20151112,8079,,,,,
20151113,7721,,,,,
20151116,8019,,,,,
20151117,7704,,,,,
20151118,7924,,,,,
20151119,7663,,,,,
20151120,8808,,,,,
20151123,7892,,,,,
20151124,6932,,,,,
20151125,6861,,,,,
20151126,7164,,,,,
20151127,6985,,,,,
20151130,2651,,,,,
20151201,2602,,,,,
20151202,7087,,,,,
20151203,7752,,,,,
20151204,7787,,,,,
20151207,4856,,,,,
20151208,680,,,,,
20151209,632,,,,,
20151210,628,,,,,
20151211,5613,,,,,
20151214,7480,,,,,
20151215,7485,,,,,
20151216,7910,,,,,
20151217,8205,,,,,
20151218,8186,,,,,
20151221,8579,,,,,
20151222,8263,,,,,
20151223,7369,,,,,
20151224,5409,,,,,
20151225,254,,,,,
20151228,8370,,,,,
20151229,8441,,,,,
20151230,7833,,,,,
20151231,5852,,,,,
20160101,263,,,,,
20160104,7748,,,,,
20160105,7985,,,,,
20160106,8131,,,,,
20160107,7742,,,,,
20160108,7483,,,,,
20160111,7513,,,,,
20160112,7554,,,,,
20160113,7649,,,,,
20160114,7878,,,,,
20160115,7736,,,,,
20160118,8211,,,,,
20160119,7749,,,,,
20160120,7503,,,,,
20160121,7315,,,,,
20160122,7615,,,,,
20160125,7428,,,,,
20160126,7406,,,,,
20160127,7542,,,,,
20160128,7409,,,,,
20160129,7616,,,,,
20160201,7392,,,,,
20160202,6940,,,,,
20160203,7483,,,,,
20160204,7700,,,,,
20160205,8232,,,,,
20160208,7561,,,,,
20160209,7736,,,,,
20160210,7429,,,,,
20160211,7369,,,,,
20160212,7414,,,,,
20160215,7784,,,,,
20160216,7502,,,,,
20160217,7269,,,,,
20160218,7744,,,,,
20160219,7541,,,,,
20160222,7426,,,,,
20160223,7639,,,,,
20160224,9129,,,,,
20160225,9346,,,,,
20160226,10314,,,,,
20160229,12394,,,,,
20160301,8743,,,,,
20160302,8656,,,,,
20160303,9561,,,,,
20160304,10194,,,,,
20160307,9988,,,,,
20160308,9922,,,,,
20160309,9654,,,,,
20160310,9640,,,,,
20160311,10077,,,,,
20160314,9498,,,,,
20160315,8999,,,,,
20160316,9142,,,,,
20160317,9179,,,,,
20160318,9308,,,,,
20160321,9225,,,,,
20160322,9386,,,,,
20160323,9209,,,,,
20160324,9020,,,,,
20160325,9619,,,,,
20160328,9272,,,,,
20160329,9627,,,,,
20160330,9866,,,,,
20160331,11879,,,,,
20160401,9083,,,,,
20160404,9655,,,,,
20160405,9702,,,,,
20160406,9695,,,,,
20160407,9019,,,,,
20160408,9805,,,,,
20160411,9465,,,,,
20160412,9592,,,,,
20160413,9609,,,,,
20160414,9174,,,,,
20160415,8154,,,,,
20160418,9416,,,,,
20160419,9744,,,,,
20160420,9743,,,,,
20160421,9480,,,,,
20160422,9458,,,,,
20160425,9348,,,,,
20160426,9611,,,,,
20160427,9269,,,,,
20160428,8941,,,,,
20160429,9590,,,,,
20160502,8582,,,,,
20160503,9516,,,,,
20160504,9490,,,,,
20160505,9274,,,,,
20160506,9555,,,,,
20160509,9459,,,,,
20160510,9672,,,,,
20160511,8990,,,,,
20160512,8534,,,,,
20160513,9020,,,,,
20160516,8788,,,,,
20160517,9060,,,,,
20160518,9105,,,,,
20160519,8923,,,,,
20160520,9199,,,,,
20160523,9323,,,,,
20160524,9356,,,,,
20160525,8962,,,,,
20160526,8591,,,,,
20160527,8928,,,,,
20160530,1019,,,,,
20160531,1416,,,,,
20160601,1117,,,,,
20160602,749,,,,,
20160603,1607,,,,,
20160606,7349,,,,,
20160607,7503,,,,,
20160608,5626,,,,,
20160609,8980,,,,,
20160610,9336,,,,,
20160613,8593,,,,,
20160614,9382,,,,,
20160615,8883,,,,,
20160616,8794,,,,,
20160617,9374,,,,,
20160620,9070,,,,,
20160621,9264,,,,,
20160622,9094,,,,,
20160623,8917,,,,,
20160624,9431,,,,,
20160627,8540,,,,,
20160628,8730,,,,,
20160629,8918,,,,,
20160630,11142,,,,,
20160701,8210,,,,,
20160704,9226,,,,,
20160705,8660,,,,,
20160706,9128,,,,,
20160707,9325,,,,,
20160708,9252,,,,,
20160711,8813,,,,,
20160712,8602,,,,,
20160713,8612,,,,,
20160714,9048,,,,,
20160715,9322,,,,,
20160718,9239,,,,,
20160719,8767,,,,,
20160720,8728,,,,,
20160721,8369,,,,,
20160722,9252,,,,,
20160725,9251,,,,,
20160726,9390,,,,,
20160727,8768,,,,,
20160728,9004,,,,,
20160729,9081,,,,,
20160801,8116,,,,,
20160802,8220,,,,,
20160803,9348,,,,,
20160804,9117,,,,,
20160805,9034,,,,,
20160808,9226,,,,,
20160809,9050,,,,,
20160810,8936,,,,,
20160811,9171,,,,,
20160812,9082,,,,,
20160815,9001,,,,,
20160816,8703,,,,,
20160817,8691,,,,,
20160818,8965,,,,,
20160819,8974,,,,,
20160822,9307,,,,,
20160823,9081,,,,,
20160824,8850,,,,,
20160825,8688,,,,,
20160826,8996,,,,,
20160829,8706,,,,,
20160830,8916,,,,,
20160831,10356,,,,,
20160901,7755,,,,,
20160902,7686,,,,,
20160905,9142,,,,,
20160906,8428,,,,,
20160907,8783,,,,,
20160908,8434,,,,,
20160909,8352,,,,,
20160912,8697,,,,,
20160913,8648,,,,,
20160914,8324,,,,,
20160915,8462,,,,,
20160916,9075,,,,,
20160919,8425,,,,,
20160920,9170,,,,,
20160921,8630,,,,,
20160922,8727,,,,,
20160923,8872,,,,,
20160926,8232,,,,,
20160927,8765,,,,,
20160928,8831,,,,,
20160929,8322,,,,,
20160930,10560,,,,,
20161003,8836,,,,,
20161004,8425,,,,,
20161005,8330,,,,,
20161006,8536,,,,,
20161007,8989,,,,,
20161010,7939,,,,,
20161011,8112,,,,,
20161012,8421,,,,,
20161013,8217,,,,,
20161014,8259,,,,,
20161017,8295,,,,,
20161018,8280,,,,,
20161019,7052,,,,,
20161020,8318,,,,,
20161021,8642,,,,,
20161024,8454,,,,,
20161025,8900,,,,,
20161026,8559,,,,,
20161027,7942,,,,,
20161028,6835,,,,,
20161031,10068,,,,,
20161101,7694,,,,,
20161102,6802,,,,,
20161103,8525,,,,,
20161104,8731,,,,,
20161107,9167,,,,,
20161108,9054,,,,,
20161109,8988,,,,,
20161110,8308,,,,,
20161111,8947,,,,,
20161114,8371,,,,,
20161115,8538,,,,,
20161116,9469,,,,,
20161117,8569,,,,,
20161118,8819,,,,,
20161121,8463,,,,,
20161122,8337,,,,,
20161123,8250,,,,,
20161124,9102,,,,,
20161125,9172,,,,,
20161128,8463,,,,,
20161129,8719,,,,,
20161130,10133,,,,,
20161201,7642,,,,,
20161202,7808,,,,,
20161205,8170,,,,,
20161206,8052,,,,,
20161207,8316,,,,,
20161208,8815,,,,,
20161209,8873,,,,,
20161212,8896,,,,,
20161213,9086,,,,,
20161214,8840,,,,,
20161215,8119,,,,,
20161216,9257,,,,,
20161219,8327,,,,,
20161220,8978,,,,,
20161221,9142,,,,,
20161222,9109,,,,,
20161223,9080,,,,,
20161226,8596,,,,,
20161227,9238,,,,,
20161228,9110,,,,,
20161229,9650,,,,,
20161230,9581,,,,,
20170102,8696,,,,,
20170103,9514,,,,,
20170104,9022,,,,,
20170105,8982,,,,,
20170106,9297,,,,,
20170109,8009,,,,,
20170110,8214,,,,,
20170111,8180,,,,,
20170112,8201,,,,,
20170113,8124,,,,,
20170116,9424,,,,,
20170117,8882,,,,,
20170118,8744,,,,,
20170119,8398,,,,,
20170120,8269,,,,,
20170123,7699,,,,,
20170124,8545,,,,,
20170125,9012,,,,,
20170126,8792,,,,,
20170127,8809,,,,,
20170130,8855,,,,,
20170131,10380,,,,,
20170201,7982,,,,,
20170202,7891,,,,,
20170203,8422,,,,,
20170206,8320,,,,,
20170207,8487,,,,,
20170208,8974,,,,,
20170209,8348,,,,,
20170210,8777,,,,,
20170213,8968,,,,,
20170214,8721,,,,,
20170215,8314,,,,,
20170216,8891,,,,,
20170217,9423,,,,,
20170220,8444,,,,,
20170221,9511,,,,,
20170222,8781,,,,,
20170223,8623,,,,,
20170224,8228,,,,,
20170227,8673,,,,,
20170228,10246,,,,,
20170301,7770,,,,,
20170302,8397,,,,,
20170303,8787,,,,,
20170306,7837,,,,,
20170307,9117,,,,,
20170308,8551,,,,,
20170309,8729,,,,,
20170310,8267,,,,,
20170313,9519,,,,,
20170314,8894,,,,,
20170315,8808,,,,,
20170316,9402,,,,,
20170317,9343,,,,,
20170320,9030,,,,,
20170321,9440,,,,,
20170322,9458,,,,,
20170323,9021,,,,,
20170324,9185,,,,,
20170327,8407,,,,,
20170328,8654,,,,,
20170329,9265,,,,,
20170330,9101,,,,,
20170331,11159,,,,,
20170403,9487,,,,,
20170404,9637,,,,,
20170405,9254,,,,,
20170406,9124,,,,,
20170407,9760,,,,,
20170410,8622,,,,,
20170411,9457,,,,,
20170412,9271,,,,,
20170413,9386,,,,,
20170414,9480,,,,,
20170417,9118,,,,,
20170418,9024,,,,,
20170419,8773,,,,,
20170420,9168,,,,,
20170421,9273,,,,,
20170424,9294,,,,,
20170425,9741,,,,,
20170426,9195,,,,,
20170427,9078,,,,,
20170428,8546,,,,,
20170501,8617,,,,,
20170502,8296,,,,,
20170503,8461,,,,,
20170504,9396,,,,,
20170505,9032,,,,,
20170508,7789,,,,,
20170509,5572,,,,,
20170510,5668,,,,,
20170511,5584,,,,,
20170512,5626,,,,,
20170515,7055,,,,,
20170516,6694,,,,,
20170517,6198,,,,,
20170518,6708,,,,,
20170519,6765,,,,,
20170522,10049,,,,,
20170523,10159,,,,,
20170524,10716,,,,,
20170525,10392,,,,,
20170526,9757,,,,,
20170529,9971,,,,,
20170530,9939,,,,,
20170531,11993,,,,,
20170601,9970,,,,,
20170602,9551,,,,,
20170605,10551,,,,,
20170606,10459,,,,,
20170607,10178,,,,,
20170608,9535,,,,,
20170609,10264,,,,,
20170612,9571,,,,,
20170613,10191,,,,,
20170614,10101,,,,,
20170615,9564,,,,,
20170616,9515,,,,,
20170619,9802,,,,,
20170620,9272,,,,,
20170621,9202,,,,,
20170622,10226,,,,,
20170623,9295,,,,,
20170626,9673,,,,,
20170627,10006,,,,,
20170628,9525,,,,,
20170629,9578,,,,,
20170630,11264,,,,,
20170703,9325,,,,,
20170704,9766,,,,,
20170705,9783,,,,,
20170706,10119,,,,,
20170707,9881,,,,,
20170710,10447,,,,,
20170711,8147,,,,,
20170712,8170,,,,,
20170713,8054,,,,,
20170714,7821,,,,,
20170717,8516,,,,,
20170718,8069,,,,,
20170719,8246,,,,,
20170720,8256,,,,,
20170721,7925,,,,,
20170724,7803,,,,,
20170725,7941,,,,,
20170726,5998,,,,,
20170727,7782,,,,,
20170728,7611,,,,,
20170731,7674,,,,,
20170801,6032,,,,,
20170802,7783,,,,,
20170803,8286,,,,,
20170804,8279,,,,,
20170807,8564,,,,,
20170808,8254,,,,,
20170809,8045,,,,,
20170810,7451,,,,,
20170811,8382,,,,,
20170814,8290,,,,,
20170815,8180,,,,,
20170816,7885,,,,,
20170817,7418,,,,,
20170818,8041,,,,,
20170821,8008,,,,,
20170822,8192,,,,,
20170823,7840,,,,,
20170824,8601,,,,,
20170825,8692,,,,,
20170828,7721,,,,,
20170829,8868,,,,,
20170830,8034,,,,,
20170831,10430,,,,,
20170901,7552,,,,,
20170904,9289,,,,,
20170905,8107,,,,,
20170906,8242,,,,,
20170907,8389,,,,,
20170908,7947,,,,,
20170911,8627,,,,,
20170912,8345,,,,,
20170913,7901,,,,,
20170914,8443,,,,,
20170915,8259,,,,,
20170918,7883,,,,,
20170919,8227,,,,,
20170920,8222,,,,,
20170921,8800,,,,,
20170922,8672,,,,,
20170925,8592,,,,,
20170926,9524,,,,,
20170927,9123,,,,,
20170928,8839,,,,,
20170929,8002,,,,,
20171002,8090,,,,,
20171003,8749,,,,,
20171004,8064,,,,,
20171005,8492,,,,,
20171006,7110,,,,,
20171009,8430,,,,,
20171010,7966,,,,,
20171011,9075,,,,,
20171012,8924,,,,,
20171013,8579,,,,,
20171016,9068,,,,,
20171017,9968,,,,,
20171018,9528,,,,,
20171019,9133,,,,,
20171020,8847,,,,,
20171023,5700,,,,,
20171024,9401,,,,,
20171025,9326,,,,,
20171026,9522,,,,,
20171027,9559,,,,,
20171030,11372,,,,,
20171031,12966,,,,,
20171101,10731,,,,,
20171102,10515,,,,,
20171103,10873,,,,,
20171106,11288,,,,,
20171107,11575,,,,,
20171108,10885,,,,,
20171109,11102,,,,,
20171110,11350,,,,,
20171113,11302,,,,,
20171114,10663,,,,,
20171115,11528,,,,,
20171116,10625,,,,,
20171117,10738,,,,,
20171120,10598,,,,,
20171121,11176,,,,,
20171122,11086,,,,,
20171123,11774,,,,,
20171124,10563,,,,,
20171127,10588,,,,,
20171128,10247,,,,,
20171129,10178,,,,,
20171130,13610,,,,,
20171201,10518,,,,,
20171204,10879,,,,,
20171205,10834,,,,,
20171206,10784,,,,,
20171207,10129,,,,,
20171208,10906,,,,,
20171211,9825,,,,,
20171212,9713,,,,,
20171213,7689,,,,,
20171214,6768,,,,,
20171215,6183,,,,,
20171218,4472,,,,,
20171219,6099,,,,,
20171220,5880,,,,,
20171221,5655,,,,,
20171222,5795,,,,,
20171225,314,,,,,
20171226,7375,,,,,
20171227,10031,,,,,
20171228,11649,,,,,
20171229,10606,,,,,
20180101,313,,,,,
20180102,11733,,,,,
20180103,11775,,,,,
20180104,10024,,,,,
20180105,10082,,,,,
20180108,9816,,,,,
20180109,10317,,,,,
20180110,11718,,,,,
20180111,11368,,,,,
20180112,11676,,,,,
20180115,12568,,,,,
20180116,11511,,,,,
20180117,10357,,,,,
20180118,11367,,,,,
20180119,10855,,,,,
20180122,11495,,,,,
20180123,11091,,,,,
20180124,10528,,,,,
20180125,10381,,,,,
20180126,10793,,,,,
20180129,9984,,,,,
20180130,10418,,,,,
20180131,12935,,,,,
20180201,10904,,,,,
20180202,10012,,,,,
20180205,10657,,,,,
20180206,10395,,,,,
20180207,10602,,,,,
20180208,10748,,,,,
20180209,10674,,,,,
20180212,10659,,,,,
20180213,11413,,,,,
20180214,11172,,,,,
20180215,10014,,,,,
20180216,9365,,,,,
20180219,10552,,,,,
20180220,10121,,,,,
20180221,10235,,,,,
20180222,10800,,,,,
20180223,10478,,,,,
20180226,11130,,,,,
20180227,10829,,,,,
20180228,11495,,,,,
20180301,7556,,,,,
20180302,6503,,,,,
20180305,10842,,,,,
20180306,10086,,,,,
20180307,10145,,,,,
20180308,11121,,,,,
20180309,10437,,,,,
20180312,10665,,,,,
20180313,10351,,,,,
20180314,11133,,,,,
20180315,10009,,,,,
20180316,9446,,,,,
20180319,10119,,,,,
20180320,9887,,,,,
20180321,10701,,,,,
20180322,9520,,,,,
20180323,10534,,,,,
20180326,10382,,,,,
20180327,10068,,,,,
20180328,10380,,,,,
20180329,9919,,,,,
20180330,10393,,,,,
20180402,9489,,,,,
20180403,9488,,,,,
20180404,10435,,,,,
20180405,10759,,,,,
20180406,10728,,,,,
20180409,11426,,,,,
20180410,10773,,,,,
20180411,10589,,,,,
20180412,11078,,,,,
20180413,11239,,,,,
20180416,10788,,,,,
20180417,10691,,,,,
20180418,11375,,,,,
20180419,10871,,,,,
20180420,10425,,,,,
20180423,11507,,,,,
20180424,11215,,,,,
20180425,11904,,,,,
20180426,11932,,,,,
20180427,11158,,,,,
20180430,14842,,,,,
20180501,11536,,,,,
20180502,11849,,,,,
20180503,8906,,,,,
20180504,11003,,,,,
20180507,6723,,,,,
20180508,7186,,,,,
20180509,6737,,,,,
20180510,5884,,,,,
20180511,7104,,,,,
20180514,7919,,,,,
20180515,8775,,,,,
20180516,9582,,,,,
20180517,10943,,,,,
20180518,8894,,,,,
20180521,10636,,,,,
20180522,11087,,,,,
20180523,11167,,,,,
20180524,10642,,,,,
20180525,10687,,,,,
20180528,11007,,,,,
20180529,10524,,,,,
20180530,10069,,,,,
20180531,13699,,,,,
20180601,10106,,,,,
20180604,10436,,,,,
20180605,10624,,,,,
20180606,10710,,,,,
20180607,10569,,,,,
20180608,10315,,,,,
20180611,10067,,,,,
20180612,11655,,,,,
20180613,10315,,,,,
20180614,10418,,,,,
20180615,10442,,,,,
20180618,11084,,,,,
20180619,9822,,,,,
20180620,9827,,,,,
20180621,10858,,,,,
20180622,9795,,,,,
20180625,10112,,,,,
20180626,10834,,,,,
20180627,10671,,,,,
20180628,10203,,,,,
20180629,9943,,,,,
20180702,10668,,,,,
20180703,10033,,,,,
20180704,10163,,,,,
20180705,11414,,,,,
20180706,8476,,,,,
20180709,9883,,,,,
20180710,11140,,,,,
20180711,9892,,,,,
20180712,10356,,,,,
20180713,10094,,,,,
20180716,10601,,,,,
20180717,10432,,,,,
20180718,9882,,,,,
20180719,10741,,,,,
20180720,9981,,,,,
20180723,9875,,,,,
20180724,10529,,,,,
20180725,9748,,,,,
20180726,10483,,,,,
20180727,8834,,,,,
20180730,9766,,,,,
20180731,11984,,,,,
20180801,8794,,,,,
20180802,9504,,,,,
20180803,10100,,,,,
20180806,9106,,,,,
20180807,8416,,,,,
20180808,9660,,,,,
20180809,10073,,,,,
20180810,9882,,,,,
20180813,9245,,,,,
20180814,10158,,,,,
20180815,9786,,,,,
20180816,9652,,,,,
20180817,9170,,,,,
20180820,9361,,,,,
20180821,9840,,,,,
20180822,8941,,,,,
20180823,8874,,,,,
20180824,9913,,,,,
20180827,9120,,,,,
20180828,9361,,,,,
20180829,9741,,,,,
20180830,9698,,,,,
20180831,11648,,,,,
20180903,9802,,,,,
20180904,9558,,,,,
20180905,9648,,,,,
20180906,9553,,,,,
20180907,9417,,,,,
20180910,9531,,,,,
20180911,9795,,,,,
20180912,9459,,,,,
20180913,9060,,,,,
20180914,10095,,,,,
20180917,9226,,,,,
20180918,9447,,,,,
20180919,9805,,,,,
20180920,9471,,,,,
20180921,9564,,,,,
20180924,9632,,,,,
20180925,9645,,,,,
20180926,9828,,,,,
20180927,10027,,,,,
20180928,9496,,,,,
20181001,9020,,,,,
20181002,9534,,,,,
20181003,9211,,,,,
20181004,8924,,,,,
20181005,10181,,,,,
20181008,10301,,,,,
20181009,9049,,,,,
20181010,9345,,,,,
20181011,9320,,,,,
20181012,9125,,,,,
20181015,8689,,,,,
20181016,10224,,,,,
20181017,8538,,,,,
20181018,10011,,,,,
20181019,8757,,,,,
20181022,9607,,,,,
20181023,9271,,,,,
20181024,9353,,,,,
20181025,9264,,,,,
20181026,8374,,,,,
20181029,9772,,,,,
20181030,9039,,,,,
20181031,10890,,,,,
20181101,8824,,,,,
20181102,9269,,,,,
20181105,8800,,,,,
20181106,8396,,,,,
20181107,9040,,,,,
20181108,9186,,,,,
20181109,9139,,,,,
20181112,8357,,,,,
20181113,9658,,,,,
20181114,8204,,,,,
20181115,6339,,,,,
20181116,9958,,,,,
20181119,9466,,,,,
20181120,8716,,,,,
20181121,9143,,,,,
20181122,9261,,,,,
20181123,8809,,,,,
20181126,8940,,,,,
20181127,9093,,,,,
20181128,8285,,,,,
20181129,7772,,,,,
20181130,10374,,,,,
20181203,9311,,,,,
20181204,8339,,,,,
20181205,8489,,,,,
20181206,8076,,,,,
20181207,8772,,,,,
20181210,8424,,,,,
20181211,8700,,,,,
20181212,8340,,,,,
20181213,9370,,,,,
20181214,8736,,,,,
20181217,8576,,,,,
20181218,8446,,,,,
20181219,8882,,,,,
20181220,8654,,,,,
20181221,9120,,,,,
20181224,5810,,,,,
20181225,124,,,,,
20181226,8190,,,,,
20181227,8630,,,,,
20181228,8590,,,,,
20181231,6400,,,,,
20190101,134,,,,,
20190102,8448,,,,,
20190103,8582,,,,,
20190104,7785,,,,,
20190107,10190,,,,,
20190108,9783,,,,,
20190109,9339,,,,,
20190110,8966,,,,,
20190111,10309,,,,,
20190114,9151,,,,,
20190115,8728,,,,,
20190116,8205,,,,,
20190117,8652,,,,,
20190118,8475,,,,,
20190121,9227,,,,,
20190122,8286,,,,,
20190123,8110,,,,,
20190124,9186,,,,,
20190125,9103,,,,,
20190128,9139,,,,,
20190129,9759,,,,,
20190130,9272,,,,,
20190131,12127,,,,,
20190201,9847,,,,,
20190204,10106,,,,,
20190205,9122,,,,,
20190206,10411,,,,,
20190207,10101,,,,,
20190208,9387,,,,,
20190211,9454,,,,,
20190212,9925,,,,,
20190213,9528,,,,,
20190214,8853,,,,,
20190215,9834,,,,,
20190218,10183,,,,,
20190219,9335,,,,,
20190220,8930,,,,,
20190221,9645,,,,,
20190222,9093,,,,,
20190225,8829,,,,,
20190226,9722,,,,,
20190227,9099,,,,,
20190228,12258,,,,,
20190301,9882,,,,,
20190304,9859,,,,,
20190305,9158,,,,,
20190306,10345,,,,,
20190307,9524,,,,,
20190308,9286,,,,,
20190311,8175,,,,,
20190312,9282,,,,,
20190313,8336,,,,,
20190314,8044,,,,,
20190315,7715,,,,,
20190318,8411,,,,,
20190319,8876,,,,,
20190320,8276,,,,,
20190321,8048,,,,,
20190322,7756,,,,,
20190325,8549,,,,,
20190326,8734,,,,,
20190327,8603,,,,,
20190328,7837,,,,,
20190329,8529,,,,,
20190401,8577,,,,,
20190402,8235,,,,,
20190403,8276,,,,,
20190404,7780,,,,,
20190405,8912,,,,,
20190408,8878,,,,,
20190409,8530,,,,,
20190410,8472,,,,,
20190411,8072,,,,,
20190412,8987,,,,,
20190415,9047,,,,,
20190416,8741,,,,,
20190417,8570,,,,,
20190418,8901,,,,,
20190419,9081,,,,,
20190422,8861,,,,,
20190423,8604,,,,,
20190424,8616,,,,,
20190425,9192,,,,,
20190426,8228,,,,,
20190429,8988,,,,,
20190430,10504,,,,,
20190501,8649,,,,,
20190502,8939,,,,,
20190503,8402,,,,,
20190506,8537,,,,,
20190507,8362,,,,,
20190508,8764,,,,,
20190509,7206,,,,,
20190510,1948,,,,,
20190513,1894,,,,,
20190514,1752,,,,,
20190515,1759,,,,,
20190516,1785,,,,,
20190517,1740,,,,,
20190520,1789,,,,,
20190521,1760,,,,,
20190522,1754,,,,,
20190523,1769,,,,,
20190524,633,,,,,
20190527,379,,,,,
20190528,588,,,,,
20190529,630,,,,,
20190530,645,,,,,
20190531,699,,,,,
20190603,4125,,,,,
20190604,7276,,,,,
20190605,7648,,,,,
20190606,7557,,,,,
20190607,7242,,,,,
20190610,7491,,,,,
20190611,6651,,,,,
20190612,7466,,,,,
20190613,7959,,,,,
20190614,7356,,,,,
20190617,7103,,,,,
20190618,7508,,,,,
20190619,6841,,,,,
20190620,7205,,,,,
20190621,7607,,,,,
20190624,7157,,,,,
20190625,7427,,,,,
20190626,7376,,,,,
20190627,6846,,,,,
20190628,6590,,,,,
20190701,7160,,,,,
20190702,7236,,,,,
20190703,6046,,,,,
20190704,1680,,,,,
20190705,1703,,,,,
20190708,1714,,,,,
20190709,1744,,,,,
20190710,1761,,,,,
20190711,4671,,,,,
20190712,5003,,,,,
20190715,1787,,,,,
20190716,1771,,,,,
20190717,1773,,,,,
20190718,1749,,,,,
20190719,1966,,,,,
20190722,1926,,,,,
20190723,1926,,,,,
20190724,1920,,,,,
20190725,1932,,,,,
20190726,1965,,,,,
20190729,1893,,,,,
20190730,1945,,,,,
20190731,1945,,,,,
20190801,1902,,,,,
20190802,1892,,,,,
20190805,6085,,,,,
20190806,6521,,,,,
20190807,6735,,,,,
20190808,6472,,,,,
20190809,6374,,,,,
20190812,6545,,,,,
20190813,6691,,,,,
20190814,6722,,,,,
20190815,6655,,,,,
20190816,6660,,,,,
20190819,6900,,,,,
20190820,6768,,,,,
20190821,7049,,,,,
20190822,6725,,,,,
20190823,7036,,,,,
20190826,7249,,,,,
20190827,6306,,,,,
20190828,7156,,,,,
20190829,7010,,,,,
20190830,5913,,,,,
20190902,6958,,,,,
20190903,6384,,,,,
20190904,6452,,,,,
20190905,6872,,,,,
20190906,5947,,,,,
20190909,6444,,,,,
20190910,6708,,,,,
20190911,6605,,,,,
20190912,6451,,,,,
20190913,6074,,,,,
20190916,5707,,,,,
20190917,6547,,,,,
20190918,6350,,,,,
20190919,6257,,,,,
20190920,5927,,,,,
20190923,6063,,,,,
20190924,6496,,,,,
20190925,6751,,,,,
20190926,6268,,,,,
20190927,6150,,,,,
20190930,7399,,,,,
20191001,6483,,,,,
20191002,6545,,,,,
20191003,6455,,,,,
20191004,5956,,,,,
20191007,5677,,,,,
20191008,6151,,,,,
20191009,6362,,,,,
20191010,5936,,,,,
20191011,6381,,,,,
20191014,5720,,,,,
20191015,6573,,,,,
20191016,7111,,,,,
20191017,5807,,,,,
20191018,6178,,,,,
20191021,5753,,,,,
20191022,6031,,,,,
20191023,6377,,,,,
20191024,6226,,,,,
20191025,5756,,,,,
20191028,5508,,,,,
20191029,6460,,,,,
20191030,6001,,,,,
20191031,7401,,,,,
20191101,5992,,,,,
20191104,5819,,,,,
20191105,5768,,,,,
20191106,6121,,,,,
20191107,6372,,,,,
20191108,5626,,,,,
20191111,5451,,,,,
20191112,4927,,,,,
20191113,5263,,,,,
20191114,5187,,,,,
20191115,5230,,,,,
20191118,5672,,,,,
20191119,5844,,,,,
20191120,5694,,,,,
20191121,4586,,,,,
20191122,5749,,,,,
20191125,5073,,,,,
20191126,5665,,,,,
20191127,5602,,,,,
20191128,6238,,,,,
20191129,5359,,,,,
20191202,5734,,,,,
20191203,4275,,,,,
20191204,5986,,,,,
20191205,5632,,,,,
20191206,5630,,,,,
20191209,6053,,,,,
20191210,6142,,,,,
20191211,5718,,,,,
20191212,5687,,,,,
20191213,5637,,,,,
20191216,10915,,,,,
20191217,11725,,,,,
20191218,8780,,,,,
20191219,11437,,,,,
20191220,9499,,,,,
20191223,10558,,,,,
20191224,6070,,,,,
20191225,194,,,,,
20191226,8898,,,,,
20191227,10008,,,,,
20191230,9781,,,,,
20191231,7979,,,,,
20200101,207,,,,,
20200102,9274,,,,,
20200103,9793,,,,,
20200106,9830,,,,,
20200107,10353,,,,,
20200108,9529,,,,,
20200109,10502,,,,,
20200110,10122,,,,,
20200113,10383,,,,,
20200114,9902,,,,,
20200115,10773,,,,,
20200116,10530,,,,,
20200117,10018,,,,,
20200120,10448,,,,,
20200121,9860,,,,,
20200122,10108,,,,,
20200123,9975,,,,,
20200124,8684,,,,,
20200127,9661,,,,,
20200128,10091,,,,,
20200129,9765,,,,,
20200130,9840,,,,,
20200131,10971,,,,,
20200203,10264,,,,,
20200204,10046,,,,,
20200205,9974,,,,,
20200206,8848,,,,,
20200207,9260,,,,,
20200210,9981,,,,,
20200211,10217,,,,,
20200212,8850,,,,,
20200213,9479,,,,,
20200214,9545,,,,,
20200217,10619,,,,,
20200218,9314,,,,,
20200219,9069,,,,,
20200220,9178,,,,,
20200221,10284,,,,,
20200224,9423,,,,,
20200225,8974,,,,,
20200226,10331,,,,,
20200227,9803,,,,,
20200228,10071,,,,,
20200302,8924,,,,,
20200303,9034,,,,,
20200304,9869,,,,,
20200305,10352,,,,,
20200306,10111,,,,,
20200309,9339,,,,,
20200310,9935,,,,,
20200311,10660,,,,,
20200312,10357,,,,,
20200313,10166,,,,,
20200316,10114,,,,,
20200317,10394,,,,,
20200318,10463,,,,,
20200319,10244,,,,,
20200320,9817,,,,,
20200323,9996,,,,,
20200324,10693,,,,,
20200325,10522,,,,,
20200326,10353,,,,,
20200327,9235,,,,,
20200330,10907,,,,,
20200331,12604,,,,,
20200401,10495,,,,,
20200402,9396,,,,,
20200403,9605,,,,,
20200406,10485,,,,,
20200407,10162,,,,,
20200408,9563,,,,,
20200409,9787,,,,,
20200410,10064,,,,,
20200413,10611,,,,,
20200414,6858,,,,,
20200415,7793,,,,,
20200416,9676,,,,,
20200417,10665,,,,,
20200420,9675,,,,,
20200421,9717,,,,,
20200422,10353,,,,,
20200423,9916,,,,,
20200424,10112,,,,,
20200427,9230,,,,,
20200428,10325,,,,,
20200429,10024,,,,,
20200430,13180,,,,,
20200501,10235,,,,,
20200504,9394,,,,,
20200505,10176,,,,,
20200506,10877,,,,,
20200507,10198,,,,,
20200508,10103,,,,,
20200511,9805,,,,,
20200512,10781,,,,,
20200513,10420,,,,,
20200514,10130,,,,,
20200515,9414,,,,,
20200518,10220,,,,,
20200519,10865,,,,,
20200520,10799,,,,,
20200521,10480,,,,,
20200522,9545,,,,,
20200525,11278,,,,,
20200526,10283,,,,,
20200527,10550,,,,,
20200528,9089,,,,,
20200529,9524,,,,,
20200601,10325,,,,,
20200602,10318,,,,,
20200603,9446,,,,,
20200604,9882,,,,,
20200605,9868,,,,,
20200608,9883,,,,,
20200609,10621,,,,,
20200610,9353,,,,,
20200611,9508,,,,,
20200612,10045,,,,,
20200615,10123,,,,,
20200616,9179,,,,,
20200617,9732,,,,,
20200618,9952,,,,,
20200619,9784,,,,,
20200622,10259,,,,,
20200623,9312,,,,,
20200624,9390,,,,,
20200625,9836,,,,,
20200626,9795,,,,,
20200629,8270,,,,,
20200630,8577,,,,,
20200701,7381,,,,,
20200702,7747,,,,,
20200703,7888,,,,,
20200706,8710,,,,,
20200707,9038,,,,,
20200708,8386,,,,,
20200709,8689,,,,,
20200710,8923,,,,,
20200713,9743,,,,,
20200714,9261,,,,,
20200715,8959,,,,,
20200716,9210,,,,,
20200717,9086,,,,,
20200720,9857,,,,,
20200721,9697,,,,,
20200722,8553,,,,,
20200723,9259,,,,,
20200724,9294,,,,,
20200727,10408,,,,,
20200728,9729,,,,,
20200729,8935,,,,,
20200730,9332,,,,,
20200731,11843,,,,,
20200803,9855,,,,,
20200804,10161,,,,,
20200805,9198,,,,,
20200806,9283,,,,,
20200807,9103,,,,,
20200810,10179,,,,,
20200811,9252,,,,,
20200812,9162,,,,,
20200813,9416,,,,,
20200814,9590,,,,,
20200817,10000,,,,,
20200818,8920,,,,,
20200819,9313,,,,,
20200820,9515,,,,,
20200821,9904,,,,,
20200824,9305,,,,,
20200825,8872,,,,,
20200826,8900,,,,,
20200827,9504,,,,,
20200828,9464,,,,,
20200831,12490,,,,,
20200901,8819,,,,,
20200902,9027,,,,,
20200903,9715,,,,,
20200904,9724,,,,,
20200907,9789,,,,,
20200908,8523,,,,,
20200909,8980,,,,,
20200910,9900,,,,,
20200911,9443,,,,,
20200914,9338,,,,,
20200915,8451,,,,,
20200916,8948,,,,,
20200917,9512,,,,,
20200918,9711,,,,,
20200921,8604,,,,,
20200922,8990,,,,,
20200923,9238,,,,,
20200924,9074,,,,,
20200925,9735,,,,,
20200928,9236,,,,,
20200929,9004,,,,,
20200930,11200,,,,,
20201001,8484,,,,,
20201002,9595,,,,,
20201005,9417,,,,,
20201006,9626,,,,,
20201007,8949,,,,,
20201008,8257,,,,,
20201009,9468,,,,,
20201012,9749,,,,,
20201013,9084,,,,,
20201014,8692,,,,,
20201015,7925,,,,,
20201016,9858,,,,,
20201019,9819,,,,,
20201020,9161,,,,,
20201021,8726,,,,,
20201022,9044,,,,,
20201023,9553,,,,,
20201026,9842,,,,,
20201027,9170,,,,,
20201028,9140,,,,,
20201029,9873,,,,,
20201030,8688,,,,,
20201102,10197,,,,,
20201103,8754,,,,,
20201104,9994,,,,,
20201105,9520,,,,,
20201106,8856,,,,,
20201109,10172,,,,,
20201110,9919,,,,,
20201111,9836,,,,,
20201112,9149,,,,,
20201113,8795,,,,,
20201116,10381,,,,,
20201117,10244,,,,,
20201118,9052,,,,,
20201119,9044,,,,,
20201120,8999,,,,,
20201123,10656,,,,,
20201124,9709,,,,,
20201125,9108,,,,,
20201126,9582,,,,,
20201127,9691,,,,,
20201130,12190,,,,,
20201201,9735,,,,,
20201202,9398,,,,,
20201203,9819,,,,,
20201204,9420,,,,,
20201207,9899,,,,,
20201208,10294,,,,,
20201209,9640,,,,,
20201210,9742,,,,,
20201211,9191,,,,,
20201214,10769,,,,,
20201215,9722,,,,,
20201216,10016,,,,,
20201217,9500,,,,,
20201218,8657,,,,,
20201221,9742,,,,,
20201222,10039,,,,,
20201223,10059,,,,,
20201224,6647,,,,,
20201228,10194,,,,,
20201229,9929,,,,,
20201230,9665,,,,,
20201231,7723,,,,,
20210104,9826,,,,,
20210105,10446,,,,,
20210106,9199,,,,,
20210107,9659,,,,,
20210108,9140,,,,,
20210111,9504,,,,,
20210112,9637,,,,,
20210113,10385,,,,,
20210114,9925,,,,,
20210115,8931,,,,,
20210118,8844,,,,,
20210119,12785,,,,,
20210120,22501,,,,,
20210121,22369,,,,,
20210122,23985,,,,,
20210125,23786,,,,,
20210126,20663,,,,,
20210127,14443,,,,,
20210128,16920,,,,,
20210129,18364,,,,,
20210201,19452,,,,,
20210202,14826,,,,,
20210203,15330,,,,,
20210204,19074,,,,,
20210205,17262,,,,,
20210208,20729,,,,,
20210209,17712,,,,,
20210210,13445,,,,,
20210211,23002,,,,,
20210212,17637,,,,,
20210215,20006,,,,,
20210216,17074,,,,,
20210217,14196,,,,,
20210218,22392,,,,,
20210219,18510,,,,,
20210222,19230,,,,,
20210223,17756,,,,,
20210224,17483,,,,,
